_id,actualRounds,eventCode,fightCode,fighterA,fighterB,finalRoundTime,gender,isTitleFight,methodOfFinish,scheduledRounds,weightClass
6399633d5743e327a1f2d810,3,UFC244MASVIDALVSDIAZ,FIGHTDarrenTillKelvinGastelumUFC244MASVIDALVSDIAZ,DarrenTillThe Gorilla,KelvinGastelum,5:00,Male,No,SD,3,Middleweight
639963cbc917e83bfe941dde,1,UFCFIGHTNIGHT136HUNTVSOLEYNIK,FIGHTMagomedAnkalaevMarcinPrachnioUFCFIGHTNIGHT136HUNTVSOLEYNIK,MagomedAnkalaev,MarcinPrachnio,3:09,Male,No,TKO,3,Light Heavyweight
63996336c35c0fc313a41956,2,UFC239JONESVSSANTOS,FIGHTJanBlachowiczLukeRockholdUFC239JONESVSSANTOS,JanBlachowicz,LukeRockhold,1:39,Male,No,KO,3,Light Heavyweight
63996257673d3172188e77e4,1,UFC202DIAZVSMCGREGOR2,FIGHTAnthony JohnsonGlover TeixeiraUFC202DIAZVSMCGREGOR2,AnthonyJohnsonRumble,GloverTeixeira,0:13,Male,No,KO,3,Light Heavyweight
639963c41c329a46f9ca9f1e,3,UFCFIGHTNIGHT134SHOGUNVSSMITH,FIGHTCoreyAndersonGloverTeixeiraUFCFIGHTNIGHT134SHOGUNVSSMITH,CoreyAndersonOvertime,GloverTeixeira,5:00,Male,No,UD,3,Light Heavyweight
63996446fd40959177bb521e,3,UFCFIGHTNIGHT186ROZENSTRUIKVSGANE,FIGHTMagomedAnkalaevNikitaKrylovUFCFIGHTNIGHT186ROZENSTRUIKVSGANE,MagomedAnkalaev,NikitaKrylovThe Miner,5:00,Male,No,UD,3,Light Heavyweight
639963a71a7e28218655556a,2,UFC277PENAVSNUNES2,FIGHTMagomedAnkalaevAnthonySmithUFC277PENAVSNUNES2,MagomedAnkalaev,AnthonySmithLionheart,3:09,Male,No,TKO,3,Light Heavyweight
63996411f040b18047aed795,1,UFCFIGHTNIGHT167ANDERSONVSBLACHOWICZ2,FIGHTJanBlachowiczCoreyAndersonUFCFIGHTNIGHT167ANDERSONVSBLACHOWICZ2,JanBlachowicz,CoreyAndersonOvertime,3:08,Male,No,KO,5,Light Heavyweight
639963644f69f3dc6ef0ebd9,1,UFC264POIRIERVSMCGREGOR3,FIGHTIliaTopuriaRyanHallUFC264POIRIERVSMCGREGOR3,IliaTopuriaEl Matador,RyanHallThe Wizard,4:47,Male,No,KO,3,Featherweight
639963894a3509283f68c34d,3,UFC276ADESANYAVSCANNONIER,FIGHTDricusDuPlessisBradTavaresUFC276ADESANYAVSCANNONIER,DricusDu PlessisStillknocks,BradTavares,5:00,Male,No,UD,3,Middleweight
63996492885657393c2f5ad3,1,UFCONABC1HOLLOWAYVSKATTAR,FIGHTJingliangLiSantiagoPonzinibbioUFCONABC1HOLLOWAYVSKATTAR,JingliangLiThe Leech,SantiagoPonzinibbioArgentine Dagger,4:25,Male,No,KO,3,Welterweight
63a1428cb162fcdbcf7f308d,3,UFC282BLACHOWICZVSANKALAEV,FIGHTPaddyPimblettJaredGordonUFC282BLACHOWICZVSANKALAEV,PaddyPimblettThe Baddy,JaredGordonFlash,5:00,Male,No,UD,3,Lightweight
639964d1ac5b84ab8a45abb3,3,UFCONESPN36BLACHOWICZVSRAKIC,FIGHTJanBlachowiczAleksandarRakicUFCONESPN36BLACHOWICZVSRAKIC,JanBlachowicz,AleksandarRakicRocket,1:11,Male,No,TKO,5,Light Heavyweight
63a0fd09d125133057e6507a,5,UFC282BLACHOWICZVSANKALAEV,FIGHTMagomedAnkalaevJanBlachowiczUFC282BLACHOWICZVSANKALAEV,MagomedAnkalaev,JanBlachowicz,5:00,Male,Yes,Split Draw,5,Light Heavyweight
63a25e565224a2b85c0da9f2,3,UFCFIGHTNIGHT158COWBOYVSGAETHJE,FIGHTGloverTeixeiraNikitaKrylovUFCFIGHTNIGHT158COWBOYVSGAETHJE,GloverTeixeira,NikitaKrylovThe Miner,5:00,Male,No,SD,3,Light Heavyweight
6399649b7d37b141211358ee,3,UFCONESPN3NGANNOUVSDOSSANTOS,FIGHTJaredGordonDanMoretUFCONESPN3NGANNOUVSDOSSANTOS,JaredGordonFlash,DanMoretThe Hitman,5:00,Male,No,UD,3,Lightweight
639964a5bb1551b8b034c064,5,UFCONESPN5COVINGTONVSLAWLER,FIGHTColbyCovingtonRobbieLawlerUFCONESPN5COVINGTONVSLAWLER,ColbyCovingtonChaos,RobbieLawlerRuthless,5:00,Male,No,UD,5,Welterweight
63a0ba6026094044dfaaaa5a,3,UFC282BLACHOWICZVSANKALAEV,FIGHTDricusDuPlessisDarrenTillUFC282BLACHOWICZVSANKALAEV,DricusDu PlessisStillknocks,DarrenTillThe Gorilla,2:43,Male,No,SUB,3,Middleweight
63a224d4df087e25277741b4,1,UFCFIGHTNIGHT143CEJUDOVSDILLASHAW,FIGHTGloverTeixeiraKarlRobersonUFCFIGHTNIGHT143CEJUDOVSDILLASHAW,GloverTeixeira,KarlRobersonBaby K,3:21,Male,No,SUB,3,Light Heavyweight
639963bdcd624cb3a2092c85,3,UFCFIGHTNIGHT127WERDUMVSVOLKOV,FIGHTPaulCraigMagomedAnkalaevUFCFIGHTNIGHT127WERDUMVSVOLKOV,PaulCraigBearjew,MagomedAnkalaev,4:59,Male,No,SUB,3,Light Heavyweight
639963d8881a5234502eb189,3,UFCFIGHTNIGHT145BLACHOWICZVSSANTOS,FIGHTThiagoSantosJanBlachowiczUFCFIGHTNIGHT145BLACHOWICZVSSANTOS,ThiagoSantosMarreta,JanBlachowicz,0:39,Male,No,TKO,5,Light Heavyweight
63996419fe21b286e0b979a8,1,UFCFIGHTNIGHT169BENAVIDEZVSFIGUEIREDO,FIGHTMagomedAnkalaevIonCutelabaUFCFIGHTNIGHT169BENAVIDEZVSFIGUEIREDO,MagomedAnkalaev,IonCutelabaThe Hulk,0:38,Male,No,TKO,3,Light Heavyweight
63a38e6f7202e7f20729e7ac,1,UFCFIGHTNIGHT153GUSTAFSSONVSSMITH,FIGHTAleksandarRakicJimiManuwaUFCFIGHTNIGHT153GUSTAFSSONVSSMITH,AleksandarRakicRocket,JimiManuwaPoster Boy,0:42,Male,No,KO,3,Light Heavyweight
639963f98621c81c26e87e30,3,UFCFIGHTNIGHT163MAGOMEDSHARIPOVVSKATTAR,FIGHTMagomedAnkalaevDalchaLungiambulaUFCFIGHTNIGHT163MAGOMEDSHARIPOVVSKATTAR,MagomedAnkalaev,DalchaLungiambulaChampion,0:29,Male,No,KO,3,Light Heavyweight
63996436d61fe97cc60752a8,3,UFCFIGHTNIGHT181HALLVSSILVA,FIGHTBryceMitchellAndreFiliUFCFIGHTNIGHT181HALLVSSILVA,BryceMitchellThug Nasty,AndreFiliTouchy,5:00,Male,No,UD,3,Featherweight
6399646d957df597674a50a7,5,UFCFIGHTNIGHT203SANTOSVSANKALAEV,FIGHTMagomedAnkalaevThiagoSantosUFCFIGHTNIGHT203SANTOSVSANKALAEV,MagomedAnkalaev,ThiagoSantosMarreta,5:00,Male,No,UD,5,Light Heavyweight
6399648b1a38aa50e59ba91e,2,UFCFIGHTNIGHT208BLAYDESVSASPINALL,FIGHTPaddyPimblettJordanLeavittUFCFIGHTNIGHT208BLAYDESVSASPINALL,PaddyPimblettThe Baddy,JordanLeavittThe Monkey King,2:46,Male,No,SUB,3,Lightweight
639964c25b11c02ccfe48fad,1,UFCONESPN19HERMANSSONVSVETTORI,FIGHTIliaTopuriaDamonJacksonUFCONESPN19HERMANSSONVSVETTORI,IliaTopuriaEl Matador,DamonJacksonAction,2:38,Male,No,KO,3,Featherweight
63a0937c1e0d3288db96fd46,2,UFC282BLACHOWICZVSANKALAEV,FIGHTIliaTopuriaBryceMitchellUFC282BLACHOWICZVSANKALAEV,IliaTopuriaEl Matador,BryceMitchellThug Nasty,3:10,Male,No,SUB,3,Featherweight
63a272a4193dc93a2ca59cde,2,UFCFIGHTNIGHT150JACAREVSHERMANSSON,FIGHTGloverTeixeiraIonCutelabaUFCFIGHTNIGHT150JACAREVSHERMANSSON,GloverTeixeira,IonCutelabaThe Hulk,3:37,Male,No,SUB,3,Light Heavyweight
6399634a8e22b37e8496268a,2,UFC253ADESANYAVSCOSTA,FIGHTJanBlachowiczDominickReyesUFC253ADESANYAVSCOSTA,JanBlachowicz,DominickReyesThe Devastator,4:36,Male,Yes,TKO,5,Light Heavyweight
639963205e07f4d35296b12a,3,UFC208HOLMVSDERANDAMIE,FIGHTGloverTeixeiraJaredCannonierUFC208HOLMVSDERANDAMIE,GloverTeixeira,JaredCannonierThe Killa Gorilla,5:00,Male,No,UD,3,Light Heavyweight
6399635057750080d1d86551,1,UFC254NURMAGOMEDOVVSGAETHJE,FIGHTMagomedAnkalaevIonCutelabaUFC254NURMAGOMEDOVVSGAETHJE,MagomedAnkalaev,IonCutelabaThe Hulk,4:19,Male,No,KO,3,Light Heavyweight
6399642630340b937ff248a6,1,UFCFIGHTNIGHT179MORAESVSSANDHAGEN,FIGHTDricusDuPlessisMarkusPerezUFCFIGHTNIGHT179MORAESVSSANDHAGEN,DricusDu PlessisStillknocks,MarkusPerezMaluko,3:22,Male,No,KO,3,Middleweight
639964ac587446f0e89e97d3,1,UFCONESPN7OVEREEMVSROZENSTRUIK,FIGHTBryceMitchellMattSaylesUFCONESPN7OVEREEMVSROZENSTRUIK,BryceMitchellThug Nasty,MattSaylesRobo,4:20,Male,No,SUB,3,Featherweight
639964099809998d6bb27503,5,UFCFIGHTNIGHT164BLACHOWICZVSJACARE,FIGHTJanBlachowiczRonaldoSouzaUFCFIGHTNIGHT164BLACHOWICZVSJACARE,JanBlachowicz,RonaldoSouzaJacare,5:00,Male,No,SD,5,Light Heavyweight
639964556278e90e4032b055,3,UFCFIGHTNIGHT191BRUNSONVSTILL,FIGHTDerekBrunsonDarrenTillUFCFIGHTNIGHT191BRUNSONVSTILL,DerekBrunson,DarrenTillThe Gorilla,2:13,Male,No,SUB,5,Middleweight
639964d872292301776da3c1,1,UFCONFOX19TEIXEIRAVSEVANS,FIGHTGlover TeixeiraRashad EvansUFCONFOX19TEIXEIRAVSEVANS,GloverTeixeira,RashadEvansSuga,1:48,Male,No,KO,5,Light Heavyweight
6399632c8e552b215dfe4d00,1,UFC235JONESVSSMITH,FIGHTBenAskrenRobbieLawlerUFC235JONESVSSMITH,BenAskrenFunky,RobbieLawlerRuthless,3:20,Male,No,SUB,3,Welterweight
63996379dc4be4b575dad264,3,UFC269OLIVEIRAVSPOIRIER,FIGHTGeoffNealSantiagoPonzinibbioUFC269OLIVEIRAVSPOIRIER,GeoffNealHandz of Steel,SantiagoPonzinibbioArgentine Dagger,5:00,Male,No,SD,3,Welterweight
639963d3ac22d8772310a029,3,UFCFIGHTNIGHT145BLACHOWICZVSSANTOS,FIGHTMagomedAnkalaevKlidsonAbreuUFCFIGHTNIGHT145BLACHOWICZVSSANTOS,MagomedAnkalaev,KlidsonAbreuWhite Bear,5:00,Male,No,UD,3,Light Heavyweight
63a3f248652bd5899d5a01d0,5,UFC275TEIXEIRAVSPROCHAZKA,FIGHTJiriProchazkaGloverTeixeiraUFC275TEIXEIRAVSPROCHAZKA,JiriProchazkaDenisa,GloverTeixeira,4:32,Male,Yes,SUB,5,Light Heavyweight
6399636d916e8e3c0ecf00a1,2,UFC267BLACHOWICZVSTEIXEIRA,FIGHTGloverTeixeiraJanBlachowiczUFC267BLACHOWICZVSTEIXEIRA,GloverTeixeira,JanBlachowicz,3:02,Male,Yes,SUB,5,Light Heavyweight
639963b61959c9b3b0f28aaf,5,UFCFIGHTNIGHT109GUSTAFSSONVSTEIXEIRA,FIGHTAlexanderGustafssonGloverTeixeiraUFCFIGHTNIGHT109GUSTAFSSONVSTEIXEIRA,AlexanderGustafssonThe Mauler,GloverTeixeira,1:07,Male,No,KO,5,Light Heavyweight
63996343734e1622f6008395,3,UFC249FERGUSONVSGAETHJE,FIGHTBryceMitchellCharlesRosaUFC249FERGUSONVSGAETHJE,BryceMitchellThug Nasty,CharlesRosaBoston Strong,5:00,Male,No,UD,3,Featherweight
6399644d52494b51e3e269b7,3,UFCFIGHTNIGHT189ROZENSTRUIKVSSAKAI,FIGHTSantiagoPonzinibbioMiguelBaezaUFCFIGHTNIGHT189ROZENSTRUIKVSSAKAI,SantiagoPonzinibbioArgentine Dagger,MiguelBaezaCaramel Thunder,5:00,Male,No,UD,3,Welterweight
63996382aa31d7d044d58699,3,UFC272COVINGTONVSMASVIDAL,FIGHTBryceMitchellEdsonBarbozaUFC272COVINGTONVSMASVIDAL,BryceMitchellThug Nasty,EdsonBarboza,5:00,Male,No,UD,3,Featherweight
6399642daf4478d607361dc5,3,UFCFIGHTNIGHT179MORAESVSSANDHAGEN,FIGHTIliaTopuriaYoussefZalalUFCFIGHTNIGHT179MORAESVSSANDHAGEN,IliaTopuriaEl Matador,YoussefZalalThe Moroccan Devil,5:00,Male,No,UD,3,Featherweight
639964599f0806fec85686b5,1,UFCFIGHTNIGHT191BRUNSONVSTILL,FIGHTPaddyPimblettLuigiVendraminiUFCFIGHTNIGHT191BRUNSONVSTILL,PaddyPimblettThe Baddy,LuigiVendraminiThe Italian Stallion,4:25,Male,No,KO,3,Lightweight
639964751c3d0041780caaf2,2,UFCFIGHTNIGHT204VOLKOVVSASPINALL,FIGHTIliaTopuriaJaiHerbertUFCFIGHTNIGHT204VOLKOVVSASPINALL,IliaTopuriaEl Matador,JaiHerbertThe Black Country Banger,1:07,Male,No,KO,3,Lightweight
6399647aab618883fad77037,1,UFCFIGHTNIGHT204VOLKOVVSASPINALL,FIGHTPaddyPimblettRodrigoVargasUFCFIGHTNIGHT204VOLKOVVSASPINALL,PaddyPimblettThe Baddy,RodrigoVargasKazula,3:49,Male,No,SUB,3,Lightweight
639963afd22c740bbaf663c1,3,UFC278USMANVSEDWARDS2,FIGHTJaredGordonLeonardoSantosUFC278USMANVSEDWARDS2,JaredGordonFlash,LeonardoSantos,5:00,Male,No,UD,3,Lightweight
639963e55b6425bfbb83b3b8,2,UFCFIGHTNIGHT147TILLVSMASVIDAL,FIGHTJorgeMasvidalDarrenTillUFCFIGHTNIGHT147TILLVSMASVIDAL,JorgeMasvidalGamebred,DarrenTillThe Gorilla,3:05,Male,No,KO,5,Welterweight
6399643ee506fed6765d68c9,3,UFCFIGHTNIGHT185BLAYDESVSLEWIS,FIGHTJaredGordonDannyChavezUFCFIGHTNIGHT185BLAYDESVSLEWIS,JaredGordonFlash,DannyChavezThe Colombian Warrior,5:00,Male,No,UD,3,Featherweight
639964b3202915ea2a685aad,3,UFCONESPN13KATTARVSIGE,FIGHTJaredGordonChrisFishgoldUFCONESPN13KATTARVSIGE,JaredGordonFlash,ChrisFishgold,5:00,Male,No,UD,3,Featherweight
639964ca3404d3e1e5ee6f90,3,UFCONESPN35FONTVSVERA,FIGHTGrantDawsonJaredGordonUFCONESPN35FONTVSVERA,GrantDawsonKGD,JaredGordonFlash,4:11,Male,No,SUB,3,Lightweight
639964df162f7a368fece907,1,UFCONFOX26LAWLERVSDOSANJOS,FIGHTGloverTeixeiraMishaCirkunovUFCONFOX26LAWLERVSDOSANJOS,GloverTeixeira,MishaCirkunov,2:45,Male,No,TKO,3,Light Heavyweight
63a0bacc6726158c4940625d,1,UFC282BLACHOWICZVSANKALAEV,FIGHTJairzinhoRozenstruikChrisDaukausUFC282BLACHOWICZVSANKALAEV,JairzinhoRozenstruikBigi Boy,ChrisDaukaus,0:23,Male,No,KO,3,Heavyweight
63a386885a171f5d6e8ac8c0,3,UFCONESPN17SANTOSVSTEIXEIRA,FIGHTGloverTeixeiraThiagoSantosUFCONESPN17SANTOSVSTEIXEIRA,GloverTeixeira,ThiagoSantosMarreta,1:49,Male,No,SUB,5,Light Heavyweight
63996404901c470adc2b752b,1,UFCFIGHTNIGHT164BLACHOWICZVSJACARE,FIGHTCharlesOliveiraJaredGordonUFCFIGHTNIGHT164BLACHOWICZVSJACARE,CharlesOliveirado Bronx,JaredGordonFlash,1:26,Male,No,KO,3,Lightweight
63996482b21be7588aea54d8,3,UFCFIGHTNIGHT206HOLMVSVIERA,FIGHTMichelPereiraSantiagoPonzinibbioUFCFIGHTNIGHT206HOLMVSVIERA,MichelPereiraDemolidor,SantiagoPonzinibbioArgentine Dagger,5:00,Male,No,SD,3,Welterweight
63a0f7d4da4eefa172efcdeb,2,UFC282BLACHOWICZVSANKALAEV,FIGHTChrisCurtisJoaquinBuckleyUFC282BLACHOWICZVSANKALAEV,ChrisCurtisThe Action Man,JoaquinBuckleyNew Mansa,2:49,Male,No,KO,3,Middleweight
63996360ac0b0f9abad586c6,2,UFC264POIRIERVSMCGREGOR3,FIGHTDricusDuPlessisTrevinGilesUFC264POIRIERVSMCGREGOR3,DricusDu PlessisStillknocks,TrevinGilesThe Problem,1:41,Male,No,KO,3,Middleweight
639963f05e3e912bbc2b7699,3,UFCFIGHTNIGHT148THOMPSONVSPETTIS,FIGHTBryceMitchellBobbyMoffettUFCFIGHTNIGHT148THOMPSONVSPETTIS,BryceMitchellThug Nasty,Bobby MoffettThe Wolfman,5:00,Male,No,UD,3,Featherweight
639964614d7edeed84fe633e,3,UFCFIGHTNIGHT193SANTOSVSWALKER,FIGHTJaredGordonJoeSoleckiUFCFIGHTNIGHT193SANTOSVSWALKER,JaredGordonFlash,JoeSolecki,5:00,Male,No,SD,3,Lightweight
639964bb4c596c1cc63f5795,5,UFCONESPN14WHITTAKERVSTILL,FIGHTRobertWhittakerDarrenTillUFCONESPN14WHITTAKERVSTILL,RobertWhittakerThe Reaper,DarrenTillThe Gorilla,5:00,Male,No,UD,5,Middleweight
63a08fe7ba5ac0f5989a2492,1,UFC282BLACHOWICZVSANKALAEV,FIGHTRaulRosasJrJayPerrinUFC282BLACHOWICZVSANKALAEV,RaulRosas JrEl Nino Problema,JayPerrinThe Joker,2:44,Male,No,SUB,3,Bantamweight
63996373080ef1e517781cdb,3,UFC267BLACHOWICZVSTEIXEIRA,FIGHTMagomedAnkalaevVolkanOezdemirUFC267BLACHOWICZVSTEIXEIRA,MagomedAnkalaev,VolkanOezdemirNo Time,5:00,Male,No,UD,3,Light Heavyweight
63a532a9d64eb3dcbef01dba,2,UFCFIGHTNIGHT187EDWARDSVSMUHAMMAD,FIGHTLeonEdwardsBelalMuhammadUFCFIGHTNIGHT187EDWARDSVSMUHAMMAD,LeonEdwardsRocky,BelalMuhammadRemember the Name,0:18,Male,No,No Contest,5,Welterweight
63a6187e1c215ff4d1fe4537,1,UFC252MIOCICVSCORMIER3,"FIGHTMarlonVeraSeanO'MalleyUFC252MIOCICVSCORMIER3",MarlonVeraChito,"SeanO'MalleySugar",4:40,Male,No,TKO,3,Bantamweight
63a635ac91586bc325a0e0fd,2,UFC239JONESVSSANTOS,FIGHTMarlonVeraNohelinHernandezUFC239JONESVSSANTOS,MarlonVeraChito,NohelinHernandezSuave,3:25,Male,No,SUB,3,Bantamweight
63a65c7b2324671137677dd0,3,UFCFIGHTNIGHTJOANNAVSWATERSON,FIGHTMarlonVeraAndreEwellUFCFIGHTNIGHTJOANNAVSWATERSON,MarlonVeraChito,AndreEwellMr.Highlight,3:17,Male,No,TKO,3,Bantamweight
63a66823d81868af53e704b0,1,UFCFIGHTNIGHT148THOMPSONVSPETTIS,FIGHTMarlonVeraFrankieSaenzUFCFIGHTNIGHT148THOMPSONVSPETTIS,MarlonVeraChito,FrankieSaenz,1:25,Male,No,TKO,3,Bantamweight
63a6765b7078f1ece43db53e,1,UFCONESPN1NGANNOUVSVELASQUEZ,FIGHTFrancisNgannouCainVelasquezUFCONESPN1NGANNOUVSVELASQUEZ,FrancisNgannouThe Predator,CainVelasquez,0:26,Male,No,TKO,5,Heavyweight
63a67f5a912ba39541acb8b9,1,UFCONESPN3NGANNOUVSDOSSANTOS,FIGHTFrancisNgannouJuniorDosSantosUFCONESPN3NGANNOUVSDOSSANTOS,FrancisNgannouThe Predator,JuniorDos SantosCigano,1:11,Male,No,TKO,5,Heavyweight
63a68503da462ce0f156a838,1,UFC249FERGUSONVSGAETHJE,FIGHTFrancisNgannouJairzinhoRozenstruikUFC249FERGUSONVSGAETHJE,FrancisNgannouThe Predator,JairzinhoRozenstruikBigi Boy,0:20,Male,No,KO,3,Heavyweight
63a688da601df08784c8daed,2,UFC260MIOCICVSNGANNOU2,FIGHTFrancisNgannouStipeMiocicUFC260MIOCICVSNGANNOU2,FrancisNgannouThe Predator,StipeMiocic,0:52,Male,Yes,KO,5,Heavyweight
63a6ca981532c334351c7ce4,5,UFC270NGANNOUVSGANE,FIGHTFrancisNgannouCirylGaneUFC270NGANNOUVSGANE,FrancisNgannouThe Predator,CirylGaneBon Gamin,5:00,Male,Yes,UD,5,Heavyweight
63a90b794563c48644fe70f5,3,UFCFIGHTNIGHT165EDGARVSKOREANZOMBIE,FIGHTVolkanOezdemirAleksandarRakicUFCFIGHTNIGHT165EDGARVSKOREANZOMBIE,VolkanOezdemirNo Time,AleksandarRakicRocket,5:00,Male,No,SD,3,LightHeavyweight
63a926ac804e34d95f66d2c1,5,UFCFIGHTNIGHT171SMITHVSTEIXEIRA,FIGHTGloverTeixeiraAnthonySmithUFCFIGHTNIGHT171SMITHVSTEIXEIRA,GloverTeixeira,AnthonySmithLionheart,1:04,Male,No,TKO,5,LightHeavyweight
63aa25f3b9207833e1fcf711,1,UFC277PENAVSNUNES2,FIGHTSergeiPavlovichDerrickLewisUFC277PENAVSNUNES2,SergeiPavlovich,DerrickLewisThe Black Beast,0:55,Male,No,TKO,3,Heavyweight
63aa2c103b68882e3da46922,1,UFCFIGHTNIGHT149OVEREEMVSOLEINIK,FIGHTSergeiPavlovichMarceloGolmUFCFIGHTNIGHT149OVEREEMVSOLEINIK,SergeiPavlovich,MarceloGolm,1:06,Male,No,KO,3,Heavyweight
63aa30e30263bd318ab1d2ee,3,UFC259BLACHOWICZVSADESANYA,FIGHTAleksandarRakicThiagoSantosUFC259BLACHOWICZVSADESANYA,AleksandarRakicRocket,ThiagoSantosMarreta,5:00,Male,No,UD,3,LightHeavyweight
63aa3b8d92075d695dd176be,3,UFCFIGHTNIGHT175SMITHVSRAKIC,FIGHTAleksandarRakicAnthonySmithUFCFIGHTNIGHT175SMITHVSRAKIC,AleksandarRakicRocket,AnthonySmithLionheart,5:00,Male,No,UD,3,LightHeavyweight
63aa5edd3676827af2feb2a6,1,UFCFIGHTNIGHT162MAIAVSASKREN,FIGHTSergeiPavlovichMauriceGreeneUFCFIGHTNIGHT162MAIAVSASKREN,SergeiPavlovich,MauriceGreeneThe Crochet Boss,2:11,Male,No,TKO,3,Heavyweight
63aa657c712934eef5e8e969,1,UFCFIGHTNIGHT204VOLKOVVSASPINALL,FIGHTSergeiPavlovichShamilAbdurakhimovUFCFIGHTNIGHT204VOLKOVVSASPINALL,SergeiPavlovich,ShamilAbdurakhimovAbrek,4:03,Male,No,TKO,3,Heavyweight
63aa6e1f5d3546c388c7b225,1,UFCONESPN42THOMPSONVSHOLLAND,FIGHTSergeiPavlovichTaiTuivasaUFCONESPN42THOMPSONVSHOLLAND,SergeiPavlovich,TaiTuivasaBam Bam,0:54,Male,No,KO,3,Heavyweight
63ab6ba54a3dc02569b90d9d,3,UFCFIGHTNIGHT143CEJUDOVSDILLASHAW,FIGHTGeoffNealBelalMuhammadUFCFIGHTNIGHT143CEJUDOVSDILLASHAW,GeoffNealHandz of Steel,BelalMuhammadRemember the Name,5:00,Male,No,UD,3,Welterweight
63ab8ce62351b04f2522e48a,3,UFC236HOLLOWAYVSPOIRIER,FIGHTBelalMuhammadCurtisMillenderUFC236HOLLOWAYVSPOIRIER,BelalMuhammadRemember the Name,CurtisMillenderCurtious,5:00,Male,No,UD,3,Welterweight
63ab93983a4ef9bed9fe1e85,3,UFC242KHABIBVSPOIRIER,FIGHTBelalMuhammadTakashiSatoUFC242KHABIBVSPOIRIER,BelalMuhammadRemember the Name,TakashiSatoTen,1:55,Male,No,SUB,3,Welterweight
63abb39d947b1d0bc81e806f,3,UFCONESPN11BLAYDESVSVOLKOV,FIGHTBelalMuhammadLymanGoodUFCONESPN11BLAYDESVSVOLKOV,BelalMuhammadRemember the Name,LymanGoodCyborg,5:00,Male,No,UD,3,Welterweight
63acb8025a0cb1bed2e04508,3,UFC258USMANVSBURNS,FIGHTBelalMuhammadDhiegoLimaUFC258USMANVSBURNS,BelalMuhammadRemember the Name,DhiegoLima,5:00,Male,No,UD,3,Welterweight
63ace5c09a64492740b4b30b,3,UFC263ADESANYAVSVETTORI2,FIGHTBelalMuhammadDemianMaiaUFC263ADESANYAVSVETTORI2,BelalMuhammadRemember the Name,DemianMaia,5:00,Male,No,UD,3,Welterweight
63aced020060c69505ce62aa,3,UFCFIGHTNIGHT199LEWISVSDAUKAUS,FIGHTBelalMuhammadStephenThompsonUFCFIGHTNIGHT199LEWISVSDAUKAUS,BelalMuhammadRemember the Name,StephenThompsonWonderboy,5:00,Male,No,UD,3,Welterweight
63adc4cec10048dab60c61a4,5,UFCONESPN34LUQUEVSMUHAMMAD2,FIGHTBelalMuhammadVicenteLuqueUFCONESPN34LUQUEVSMUHAMMAD2,BelalMuhammadRemember the Name,VicenteLuqueThe Silent Assassin,5:00,Male,No,UD,5,Welterweight
63ade9b8f7281e8038ed0f48,2,UFCFIGHTNIGHT146LEWISVSDOSSANTOS,FIGHTBeneilDariushDrewDoberUFCFIGHTNIGHT146LEWISVSDOSSANTOS,BeneilDariushBenny,DrewDober,4:41,Male,No,SUB,3,Lightweight
63adeeed02263ec22d07d1cb,2,UFC280OLIVEIRAVSMAKHACHEV,FIGHTBelalMuhammadSeanBradyUFC280OLIVEIRAVSMAKHACHEV,BelalMuhammadRemember the Name,SeanBrady,4:47,Male,No,TKO,3,Welterweight
63ae1ea0241e5d94c393293c,2,UFCONESPN13KATTARVSIGE,FIGHTKhamzatChimaevJohnPhillipsUFCONESPN13KATTARVSIGE,KhamzatChimaevBorz,JohnPhillipsThe Welsh Wrecking Machine,1:12,Male,No,SUB,3,Middleweight
63ae256ece74a8f3c1fe130d,1,UFCONESPN14WHITTAKERVSTILL,FIGHTKhamzatChimaevRhysMcKeeUFCONESPN14WHITTAKERVSTILL,KhamzatChimaevBorz,RhysMcKeeSkeletor,3:09,Male,No,TKO,3,Welterweight
63ae25a8790f375724a17457,1,UFCFIGHTNIGHT178COVINGTONVSWOODLEY,FIGHTKhamzatChimaevGeraldMeerschaertUFCFIGHTNIGHT178COVINGTONVSWOODLEY,KhamzatChimaevBorz,GeraldMeerschaertGM3,0:17,Male,No,KO,3,Middleweight
63ae545ab61f44a72d363253,1,UFC267BLACHOWICZVSTEIXEIRA,FIGHTKhamzatChimaevJingliangLiUFC267BLACHOWICZVSTEIXEIRA,KhamzatChimaevBorz,JingliangLiThe Leech,3:16,Male,No,SUB,3,Welterweight
63ae5a52847abed4c2e8eed3,3,UFC273VOLKANOVSKIVSKOREANZOMBIE,FIGHTKhamzatChimaevGilbertBurnsUFC273VOLKANOVSKIVSKOREANZOMBIE,KhamzatChimaevBorz,GilbertBurnsDurinho,5:00,Male,No,UD,3,Welterweight
63ae9779822308055fce4669,1,UFC279DIAZVSFERGUSON,FIGHTKhamzatChimaevKevinHollandUFC279DIAZVSFERGUSON,KhamzatChimaevBorz,Kevin HollandTrailblazer,2:13,Male,No,SUB,5,Middleweight
63af2924ec15e66de73952d7,5,UFC245USMANVSCOVINGTON,FIGHTKamaruUsmanColbyCovingtonUFC245USMANVSCOVINGTON,KamaruUsmanThe Nigerian Nightmare,ColbyCovingtonChaos,4:10,Male,Yes,TKO,5,Welterweight
63af3964f331508294594ca8,1,UFCFIGHTNIGHT162MAIAVSASKREN,FIGHTBeneilDariushFrankCamachoUFCFIGHTNIGHT162MAIAVSASKREN,BeneilDariushBenny,FrankCamachoThe Crank,2:02,Male,No,SUB,3,Lightweight
63af5ffb753290d5277bc399,5,UFCFIGHTNIGHT178COVINGTONVSWOODLEY,FIGHTColbyCovingtonTyronWoodleyUFCFIGHTNIGHT178COVINGTONVSWOODLEY,ColbyCovingtonChaos,TyronWoodleyThe Chosen One,1:19,Male,No,TKO,5,Welterweight
63af71eca44c65c2f6b4b720,5,UFC268USMANVSCOVINGTON2,FIGHTKamaruUsmanColbyCovingtonUFC268USMANVSCOVINGTON2,KamaruUsmanThe Nigerian Nightmare,ColbyCovingtonChaos,5:00,Male,Yes,UD,5,Welterweight
63b084508e6cf3f632e4fc6e,5,UFC272COVINGTONVSMASVIDAL,FIGHTColbyCovingtonJorgeMasvidalUFC272COVINGTONVSMASVIDAL,ColbyCovingtonChaos,JorgeMasvidalGamebred,5:00,Male,No,UD,5,Welterweight
63b091b7ac05ee3667e6c600,5,UFC235JONESVSSMITH,FIGHTKamaruUsmanTyronWoodleyUFC235JONESVSSMITH,KamaruUsmanThe Nigerian Nightmare,TyronWoodleyThe Chosen One,5:00,Male,Yes,UD,5,Welterweight
63b0d6c6ef3b38ed0eba546e,3,UFC258USMANVSBURNS,FIGHTKamaruUsmanGilbertBurnsUFC258USMANVSBURNS,KamaruUsmanThe Nigerian Nightmare,GilbertBurnsDurinho,0:34,Male,Yes,TKO,5,Welterweight
63b0dc9b660beeb1a7a326a0,5,UFC251USMANVSMASVIDAL,FIGHTKamaruUsmanJorgeMasvidalUFC251USMANVSMASVIDAL,KamaruUsmanThe Nigerian Nightmare,JorgeMasvidalGamebred,5:00,Male,Yes,UD,5,Welterweight
63b0ea5f3d6ea945c1fb8579,1,UFCONESPN2BARBOZAVSGAETHJE,FIGHTJustinGaethjeEdsonBarbozaUFCONESPN2BARBOZAVSGAETHJE,JustinGaethjeThe Highlight,EdsonBarboza,2:30,Male,No,KO,5,Lightweight
63b0f01ac551c14bd48f405e,1,UFCFIGHTNIGHT158COWBOYVSGAETHJE,FIGHTJustinGaethjeDonaldCerroneUFCFIGHTNIGHT158COWBOYVSGAETHJE,JustinGaethjeThe Highlight,DonaldCerroneCowboy,4:18,Male,No,TKO,5,Lightweight
63b11ef61651522d0ba6eb92,2,UFC261USMANVSMASVIDAL2,FIGHTKamaruUsmanJorgeMasvidalUFC261USMANVSMASVIDAL2,KamaruUsmanThe Nigerian Nightmare,JorgeMasvidalGamebred,1:02,Male,Yes,KO,5,Welterweight
63b1e189445f3c4dc64fedef,2,UFC254NURMAGOMEDOVVSGAETHJE,FIGHTKhabibNurmagomedovJustinGaethjeUFC254NURMAGOMEDOVVSGAETHJE,KhabibNurmagomedovThe Eagle,JustinGaethjeThe Highlight,1:34,Male,Yes,SUB,5,Lightweight
63b1e573fb151cfd0708f427,3,UFCFIGHTNIGHT147TILLVSMASVIDAL,FIGHTLeonEdwardsGunnarNelsonUFCFIGHTNIGHT147TILLVSMASVIDAL,LeonEdwardsRocky,GunnarNelsonGunni,5:00,Male,No,SD,3,Welterweight
63b206890f5a141abf5d99e8,5,UFCONESPN4DOSANJOSVSEDWARDS,FIGHTLeonEdwardsRafaelDosAnjosUFCONESPN4DOSANJOSVSEDWARDS,LeonEdwardsRocky,RafaelDos Anjos,5:00,Male,No,UD,5,Welterweight
63b260c1c412d4aeb0bf1071,5,UFC263ADESANYAVSVETTORI2,FIGHTLeonEdwardsNateDiazUFC263ADESANYAVSVETTORI2,LeonEdwardsRocky,NateDiaz,5:00,Male,No,UD,5,Welterweight
63b3168c720f407c2ce003e5,1,UFCONABC3ORTEGAVSRODRIGUEZ,FIGHTYairRodriguezBrianOrtegaUFCONABC3ORTEGAVSRODRIGUEZ,YairRodriguezEl Pantera,BrianOrtegaT-City,4:11,Male,No,TKO,5,Featherweight
63b32065f11955cfd3a8fdc7,5,UFC278USMANVSEDWARDS2,FIGHTLeonEdwardsKamaruUsmanUFC278USMANVSEDWARDS2,LeonEdwardsRocky,KamaruUsmanThe Nigerian Nightmare,4:04,Male,Yes,KO,5,Welterweight
63b321c9d202125b77e5d8a5,5,UFCFIGHTNIGHT180ORTEGAVSKOREANZOMBIE,FIGHTBrianOrtegaChanSungJungUFCFIGHTNIGHT180ORTEGAVSKOREANZOMBIE,BrianOrtegaT-City,ChanSung JungThe Korean Zombie,5:00,Male,No,UD,5,Featherweight
63b5cdb67b68ab0c03e925e7,1,UFC274OLIVEIRAVSGAETHJE,FIGHTCharlesOliveiraJustinGaethjeUFC274OLIVEIRAVSGAETHJE,CharlesOliveirado Bronx,JustinGaethjeThe Highlight,3:22,Male,Yes,SUB,5,Lightweight
63b5f919424a5aa8ccb436d0,3,UFCFIGHTNIGHT147TILLVSMASVIDAL,FIGHTArnoldAllenJordanRinaldiUFCFIGHTNIGHT147TILLVSMASVIDAL,ArnoldAllenAlmighty,JordanRinaldiAll Day,5:00,Male,No,UD,3,Featherweight
63b60f3d554b28a600caf6f6,1,UFCFIGHTNIGHT159RODRIGUEZVSSTEPHENS,FIGHTYairRodriguezJeremyStephensUFCFIGHTNIGHT159RODRIGUEZVSSTEPHENS,YairRodriguezEl Pantera,Jeremy StephensLil Heathen,0:15,Male,No,No Contest,5,Featherweight
63b610c5660c374ac144adaa,3,UFCONESPN6REYESVSWEIDMAN,FIGHTYairRodriguezJeremyStephensUFCONESPN6REYESVSWEIDMAN,YairRodriguezEl Pantera,Jeremy StephensLil Heathen,5:00,Male,No,UD,3,Featherweight
63b62c930309b55e34117169,5,UFCFIGHTNIGHT197HOLLOWAYVSRODRIGUEZ,FIGHTMaxHollowayYairRodriguezUFCFIGHTNIGHT197HOLLOWAYVSRODRIGUEZ,MaxHollowayBlessed,YairRodriguezEl Pantera,5:00,Male,No,UD,5,Featherweight
63b71ff2a31c970cb14764f2,2,UFCFIGHTNIGHT144ASSUNCAOVSMORAES2,FIGHTCharlesOliveiraDavidTeymurUFCFIGHTNIGHT144ASSUNCAOVSMORAES2,CharlesOliveirado Bronx,DavidTeymur,0:55,Male,No,SUB,3,Lightweight
63b73b3d8d6d9736ff33cd4d,3,UFC239JONESVSSANTOS,FIGHTArnoldAllenGilbertMelendezUFC239JONESVSSANTOS,ArnoldAllenAlmighty,GilbertMelendezEl Nino,5:00,Male,No,UD,3,Featherweight
63b8df49d73ec2dbc1a8ad82,5,UFC240HOLLOWAYVSEDGAR,FIGHTMaxHollowayFrankieEdgarUFC240HOLLOWAYVSEDGAR,MaxHollowayBlessed,FrankieEdgarThe Answer,5:00,Male,Yes,UD,5,Featherweight
63b9eaaa21556b6f7255385e,5,UFC245USMANVSCOVINGTON,FIGHTAlexanderVolkanovskiMaxHollowayUFC245USMANVSCOVINGTON,AlexanderVolkanovskiThe Great,MaxHollowayBlessed,5:00,Male,Yes,UD,5,Featherweight
63bb19fcd95f631e74e07ed5,5,UFC251USMANVSMASVIDAL,FIGHTAlexanderVolkanovskiMaxHollowayUFC251USMANVSMASVIDAL,AlexanderVolkanovskiThe Great,MaxHollowayBlessed,5:00,Male,Yes,SD,5,Featherweight
63bb220ab678df9521ff4650,2,UFC262OLIVEIRAVSCHANDLER,FIGHTCharlesOliveiraMichaelChandlerUFC262OLIVEIRAVSCHANDLER,CharlesOliveirado Bronx,MichaelChandlerIron,0:19,Male,Yes,TKO,5,Lightweight
63bb35cf7c23eb424a30c7c3,2,UFC280OLIVEIRAVSMAKHACHEV,FIGHTIslamMakhachevCharlesOliveiraUFC280OLIVEIRAVSMAKHACHEV,IslamMakhachev,CharlesOliveirado Bronx,3:16,Male,Yes,SUB,5,Lightweight
63bb8ac99c5be58a21a33a21,2,UFCFIGHTNIGHT152DOSANJOSVSLEE,FIGHTCharlesOliveiraNikLentzUFCFIGHTNIGHT152DOSANJOSVSLEE,CharlesOliveirado Bronx,NikLentzThe Carny,2:11,Male,No,TKO,3,Lightweight
63bc7204032fc67cce8fba7c,5,UFCONABC1HOLLOWAYVSKATTAR,FIGHTMaxHollowayCalvinKattarUFCONABC1HOLLOWAYVSKATTAR,MaxHollowayBlessed,CalvinKattarThe Boston Finisher,5:00,Male,No,UD,5,Featherweight
63bcc3d6f3313cf428d9d46a,5,UFC276ADESANYAVSCANNONIER,FIGHTAlexanderVolkanovskiTheGreatMaxHollowayBlessedUFC276ADESANYAVSCANNONIER,AlexanderVolkanovskiThe Great,MaxHollowayBlessed,5:00,Male,Yes,UD,5,Featherweight
63bdc34ffa2b6c673da80588,3,UFC237NAMAJUNASVSANDRADE,FIGHTAlexanderVolkanovskiTheGreatJoseAldoJuniorUFC237NAMAJUNASVSANDRADE,AlexanderVolkanovskiThe Great,JoseAldoJunior,5:00,Male,No,UD,3,Featherweight
63bddd429a664889200b99ed,5,UFC266VOLKANOVSKIVSORTEGA,FIGHTAlexanderVolkanovskiTheGreatBrianOrtegaT-CityUFC266VOLKANOVSKIVSORTEGA,AlexanderVolkanovskiThe Great,BrianOrtegaT-City,5:00,Male,Yes,UD,5,Featherweight
63c0621b0270c1f4217e87cd,1,UFC263ADESANYAVSVETTORI2,FIGHTTerranceMcKinneyTWrecksMattFrevolaTheSteamrollaUFC263ADESANYAVSVETTORI2,TerranceMcKinneyT Wrecks,MattFrevolaThe Steamrolla,0:07,Male,No,KO,3,Lightweight
63c063994c0ce615786150dd,1,UFCFIGHTNIGHT202MAKHACHEVVSGREEN,FIGHTTerranceMcKinneyTWrecksFaresZiamSmileKillerUFCFIGHTNIGHT202MAKHACHEVVSGREEN,TerranceMcKinneyT Wrecks,FaresZiamSmile Killer,2:11,Male,No,SUB,3,Lightweight
63c07501ac58f659c5342416,1,UFCFIGHTNIGHT203SANTOSVSANKALAEV,FIGHTDrewDoberTerranceMcKinneyTWrecksUFCFIGHTNIGHT203SANTOSVSANKALAEV,DrewDober,TerranceMcKinneyT Wrecks,3:17,Male,No,TKO,3,Lightweight
63c075fde83108c36e33cc3a,1,UFCONESPN40SANTOSVSHILL,FIGHTTerranceMcKinneyTWrecksErickGonzalezTheGhostPepperUFCONESPN40SANTOSVSHILL,TerranceMcKinneyT Wrecks,ErickGonzalezThe Ghost Pepper,2:17,Male,No,SUB,3,Lightweight
63c1b5f01e5c78af7035f048,1,UFCFIGHTNIGHT144ASSUNCAOVSMORAES2,FIGHTJohnnyWalkerJustinLedetUFCFIGHTNIGHT144ASSUNCAOVSMORAES2,Johnny Walker,Justin Ledet,0:15,Male,No,TKO,3,LightHeavyweight
63c1b85b10084aeb53951fad,1,UFC235JONESVSSMITH,FIGHTJohnnyWalkerMishaCirkunovUFC235JONESVSSMITH,Johnny Walker,Misha Cirkunov,0:36,Male,No,TKO,3,LightHeavyweight
63c36b78bc25a207ff445639,1,UFC244MASVIDALVSDIAZ,FIGHTCoreyAndersonJohnnyWalkerUFC244MASVIDALVSDIAZ,Corey Anderson,Johnny Walker,2:07,Male,No,TKO,3,LightHeavyweight
63c370717a5bd70049bc82bb,1,UFCFIGHTNIGHT178COVINGTONVSWOODLEY,FIGHTJohnnyWalkerRyanSpannUFCFIGHTNIGHT178COVINGTONVSWOODLEY,Johnny Walker,Ryan Spann,2:43,Male,No,KO,3,LightHeavyweight
63c3883a167684087079e880,1,UFCONESPN31FONTVSALDO,FIGHTJamahalHillSweetDreamsJimmyCruteTheBruteUFCONESPN31FONTVSALDO,JamahalHillSweet Dreams,JimmyCruteThe Brute,0:48,Male,No,KO,3,LightHeavyweight
63c3888810172b666c80ef3a,1,UFCFIGHTNIGHT201WALKERVSHILL,FIGHTJamahalHillSweetDreamsJohnnyWalkerUFCFIGHTNIGHT201WALKERVSHILL,JamahalHillSweet Dreams,JohnnyWalker,2:55,Male,No,KO,5,LightHeavyweight
63c3a944b53f726278419f1d,1,UFC263ADESANYAVSVETTORI2,FIGHTPaulCraigBearjewJamahalHillSweetDreamsUFC263ADESANYAVSVETTORI2,PaulCraigBearjew,JamahalHillSweet Dreams,1:59,Male,No,TKO,3,LightHeavyweight
63c3a98d8b0bd9555347158b,1,UFCONESPN9WOODLEYVSBURNS,FIGHTJamahalHillSweetDreamsKlidsonAbreuWhiteBearUFCONESPN9WOODLEYVSBURNS,JamahalHillSweet Dreams,KlidsonAbreuWhite Bear,1:51,Male,No,No Contest,3,LightHeavyweight
63c4882635231aba25902599,3,UFCFIGHTNIGHT166BLAYDESVSDOSSANTOS,FIGHTJamahalHillSweetDreamsDarkoStosicUFCFIGHTNIGHT166BLAYDESVSDOSSANTOS,JamahalHillSweet Dreams,DarkoStosic,5:00,Male,No,UD,3,LightHeavyweight
63c489476957d3e98d74158e,2,UFCONESPN19HERMANSSONVSVETTORI,FIGHTJamahalHillSweetDreamsOvinceSt.PreuxOSPUFCONESPN19HERMANSSONVSVETTORI,JamahalHillSweet Dreams,OvinceSt. PreuxOSP,3:37,Male,No,TKO,3,LightHeavyweight
63c4899bd7417e76c6da6025,4,UFCONESPN40SANTOSVSHILL,FIGHTJamahalHillSweetDreamsThiagoSantosMarretaUFCONESPN40SANTOSVSHILL,JamahalHillSweet Dreams,ThiagoSantosMarreta,2:31,Male,No,TKO,5,LightHeavyweight
63c48c2b672b19e4c43eb2dc,3,UFCFIGHTNIGHT159RODRIGUEZVSSTEPHENS,FIGHTBrandonMorenoTheAssassinBabyAskarAskarovBulletUFCFIGHTNIGHT159RODRIGUEZVSSTEPHENS,BrandonMorenoThe Assassin Baby,AskarAskarovBullet,5:00,Male,No,Split Draw,3,Flyweight
63c48caa3b550b3fa94e9dfe,3,UFC245USMANVSCOVINGTON,"FIGHTBrandonMorenoTheAssassinBabyKaiKaraFranceDon'tBlinkUFC245USMANVSCOVINGTON",BrandonMorenoThe Assassin Baby,"KaiKara FranceDon't Blink",5:00,Male,No,UD,3,Flyweight
63c48dbe3f10bf1d485e25eb,3,UFCFIGHTNIGHT170LEEVSOLIVEIRA,FIGHTBrandonMorenoTheAssassinBabyJussierFormigaUFCFIGHTNIGHT170LEEVSOLIVEIRA,BrandonMorenoThe Assassin Baby,JussierFormiga,5:00,Male,No,UD,3,Flyweight
63c499b3ed0a0b7498e2cca6,1,UFC255FIGUEIREDOVSPEREZ,FIGHTBrandonMorenoTheAssassinBabyBrandonRoyvalRawDawgUFC255FIGUEIREDOVSPEREZ,BrandonMorenoThe Assassin Baby,BrandonRoyvalRaw Dawg,4:59,Male,No,TKO,3,Flyweight
63c4d316070e85d12b9d75dd,1,UFC279DIAZVSFERGUSON,FIGHTJohnnyWalkerIonCutelabaTheHulkUFC279DIAZVSFERGUSON,JohnnyWalker,IonCutelabaThe Hulk,4:37,Male,No,SUB,3,LightHeavyweight
63c5b5032479b6d7cabe537e,5,UFCONESPN9WOODLEYVSBURNS,FIGHTGilbertBurnsDurinhoTyronWoodleyTheChosenOneUFCONESPN9WOODLEYVSBURNS,GilbertBurnsDurinho,TyronWoodleyThe Chosen One,5:00,Male,No,UD,5,Welterweight
63c5b5f8d04152490d948015,1,UFCFIGHTNIGHT170LEEVSOLIVEIRA,FIGHTGilbertBurnsDurinhoDemianMaiaUFCFIGHTNIGHT170LEEVSOLIVEIRA,GilbertBurnsDurinho,DemianMaia,2:34,Male,No,TKO,3,Welterweight
63c5ba02a1706337e54a1232,3,UFCFIGHTNIGHT170LEEVSOLIVEIRA,FIGHTNikitaKrylovTheMinerJohnnyWalkerUFCFIGHTNIGHT170LEEVSOLIVEIRA,NikitaKrylovThe Miner,JohnnyWalker,5:00,Male,No,UD,3,LightHeavyweight
63c5e340796717944cd1b65e,5,UFC256FIGUEIREDOVSMORENO,FIGHTDeivesonFigueiredoDeusdaGuerraBrandonMorenoTheAssassinBabyUFC256FIGUEIREDOVSMORENO,DeivesonFigueiredoDeus da Guerra,BrandonMorenoThe Assassin Baby,5:00,Male,Yes,Maj Draw,5,Flyweight
63c6264b3c167df07b53f113,1,UFC255FIGUEIREDOVSPEREZ,FIGHTDeivesonFigueiredoDeusdaGuerraAlexPerezUFC255FIGUEIREDOVSPEREZ,DeivesonFigueiredoDeus da Guerra,AlexPerez,1:57,Male,Yes,SUB,5,Flyweight
63c657725750a92b7421cefa,2,UFCFIGHTNIGHT150JACAREVSHERMANSSON,FIGHTGilbertBurnsDurinhoMikeDavisBeastBoyUFCFIGHTNIGHT150JACAREVSHERMANSSON,GilbertBurnsDurinho,MikeDavisBeast Boy,4:15,Male,No,SUB,3,Lightweight
63c7049f9b44918ad6a8448f,1,UFCFIGHTNIGHTJOANNAVSWATERSON,FIGHTDeivesonFigueiredoDeusdaGuerraTimElliottUFCFIGHTNIGHTJOANNAVSWATERSON,DeivesonFigueiredoDeus da Guerra,TimElliott,3:08,Male,Yes,SUB,3,Flyweight
63c721f17b018c3c037efedd,1,UFCFIGHTNIGHT204VOLKOVVSASPINALL,FIGHTPaulCraigBearjewNikitaKrylovTheMinerUFCFIGHTNIGHT204VOLKOVVSASPINALL,PaulCraigBearjew,NikitaKrylovThe Miner,3:57,Male,No,SUB,3,LightHeavyweight
63c72df4ce10ead518555b81,5,UFCFIGHTNIGHT193SANTOSVSWALKER,FIGHTThiagoSantosMarretaJohnnyWalkerUFCFIGHTNIGHT193SANTOSVSWALKER,ThiagoSantosMarreta,JohnnyWalker,5:00,Male,No,UD,5,LightHeavyweight
63c73245a41fcf7dd2b06b79,1,UFCONESPN3NGANNOUVSDOSSANTOS,FIGHTAlonzoMenifieldAtomicPaulCraigBearjewUFCONESPN3NGANNOUVSDOSSANTOS,AlonzoMenifieldAtomic,PaulCraigBearjew,3:19,Male,No,KO,3,LightHeavyweight
63c73902a9473a26c0547cd8,3,UFC277PENAVSNUNES2,"FIGHTBrandonMorenoTheAssassinBabyKaiKaraFranceDon'tBlinkUFC277PENAVSNUNES2",BrandonMorenoThe Assassin Baby,"KaiKara FranceDon't Blink",4:34,Male,Yes,TKO,5,Flyweight
63c740edc26392909fac654e,3,UFCFIGHTNIGHT156SHEVCHENKOVSCARMOUCHE2,FIGHTGilbertBurnsDurinhoAlexeyKunchenkoUFCFIGHTNIGHT156SHEVCHENKOVSCARMOUCHE2,GilbertBurnsDurinho,AlexeyKunchenko,5:00,Male,No,UD,3,Welterweight
63c756a4714bfefa17e26728,1,UFCFIGHTNIGHT159RODRIGUEZVSSTEPHENS,FIGHTPaulCraigBearjewViniciusMoreiraMamuteUFCFIGHTNIGHT159RODRIGUEZVSSTEPHENS,PaulCraigBearjew,ViniciusMoreiraMamute,3:19,Male,No,SUB,3,LightHeavyweight
63c75a7f0d294d8bb4db6704,2,UFCFIGHTNIGHT169BENAVIDEZVSFIGUEIREDO,FIGHTDeivesonFigueiredoDeusdaGuerraJosephBenavidezUFCFIGHTNIGHT169BENAVIDEZVSFIGUEIREDO,DeivesonFigueiredoDeus da Guerra,JosephBenavidez,1:54,Male,No,TKO,5,Flyweight
63c7702e127b385ecb2651b6,3,UFCFIGHTNIGHT148THOMPSONVSPETTIS,FIGHTJussierFormigaDeivesonFigueiredoDeusdaGuerraUFCFIGHTNIGHT148THOMPSONVSPETTIS,JussierFormiga,DeivesonFigueiredoDeus da Guerra,5:00,Male,No,UD,3,Flyweight
63c7760bc3550864cdbdb255,3,UFCFIGHTNIGHT160HERMANSSONVSCANNONIER,FIGHTGilbertBurnsDurinhoGunnarNelsonGunniUFCFIGHTNIGHT160HERMANSSONVSCANNONIER,GilbertBurnsDurinho,GunnarNelsonGunni,5:00,Male,No,UD,3,Welterweight
63c7a5544d4b2942ca878223,1,UFCONESPN14WHITTAKERVSTILL,FIGHTPaulCraigBearjewGadzhimuradAntigulovUFCONESPN14WHITTAKERVSTILL,PaulCraigBearjew,GadzhimuradAntigulov,2:06,Male,No,SUB,3,LightHeavyweight
63c7a70caa21e6c5165ed0de,1,UFCFIGHTNIGHT172FIGUEIREDOVSBENAVIDEZ2,FIGHTDeivesonFigueiredoDeusdaGuerraJosephBenavidezUFCFIGHTNIGHT172FIGUEIREDOVSBENAVIDEZ2,DeivesonFigueiredoDeus da Guerra,JosephBenavidez,4:48,Male,Yes,SUB,5,Flyweight
63c83c2af112b8ff9bd57536,3,UFC240HOLLOWAYVSEDGAR,FIGHTDeivesonFigueiredoDeusdaGuerraAlexandrePantojaTheCannibalUFC240HOLLOWAYVSEDGAR,DeivesonFigueiredoDeus da Guerra,AlexandrePantojaThe Cannibal,5:00,Male,No,UD,3,Flyweight
63c869fdcb776b909c45fe0d,3,UFCONESPN2BARBOZAVSGAETHJE,FIGHTPaulCraigBearjewKennedyNzechukwuAfricanSavageUFCONESPN2BARBOZAVSGAETHJE,PaulCraigBearjew,KennedyNzechukwuAfrican Savage,4:20,Male,No,SUB,3,LightHeavyweight
63c987ce21705ae05dd95d3c,3,UFC263ADESANYAVSVETTORI2,FIGHTBrandonMorenoTheAssassinBabyDeivesonFigueiredoDeusdaGuerraUFC263ADESANYAVSVETTORI2,BrandonMorenoThe Assassin Baby,DeivesonFigueiredoDeus da Guerra,2:26,Male,Yes,SUB,5,Flyweight
63c995e3720a9a242abd3c61,5,UFC270NGANNOUVSGANE,FIGHTDeivesonFigueiredoDeusdaGuerraBrandonMorenoTheAssassinBabyUFC270NGANNOUVSGANE,DeivesonFigueiredoDeus da Guerra,BrandonMorenoThe Assassin Baby,5:00,Male,Yes,UD,5,Flyweight
63caf46bf66838b2b45ac24b,2,UFCONESPN38TSARUKYANVSGAMROT,FIGHTShavkatRakhmonovNomadNeilMagnyTheHaitianSensationUFCONESPN38TSARUKYANVSGAMROT,ShavkatRakhmonovNomad,NeilMagnyThe Haitian Sensation,4:58,Male,No,SUB,3,Welterweight
63cc5f49bc29d6755ff323f5,3,UFC248ADESANYAVSROMERO,FIGHTNeilMagnyTheHaitianSensationJingliangLiTheLeechUFC248ADESANYAVSROMERO,NeilMagnyThe Haitian Sensation,JingliangLiThe Leech,5:00,Male,No,UD,3,Welterweight
63cc5fa51503a814ad5e7f58,3,UFCFIGHTNIGHT175SMITHVSRAKIC,FIGHTNeilMagnyTheHaitianSensationRobbieLawlerRuthlessUFCFIGHTNIGHT175SMITHVSRAKIC,NeilMagnyThe Haitian Sensation,RobbieLawlerRuthless,5:00,Male,No,UD,3,Welterweight
63d057f48d7a2df969d0b0c8,1,UFC243WHITTAKERVSADESANYA,FIGHTYorganDeCastroTheMadTitanJustinTafaBadManUFC243WHITTAKERVSADESANYA,YorganDe CastroThe Mad Titan,JustinTafaBad Man,2:10,Male,No,KO,3,Heavyweight
63d058630d7af59307b87ed2,1,UFC247JONESVSREYES,FIGHTJustinTafaBadManJuanAdamsTheKrakenUFC247JONESVSREYES,JustinTafaBad Man,JuanAdamsThe Kraken,1:59,Male,No,TKO,3,Heavyweight
63d17dfa145d1473d44ee4fb,1,UFC267BLACHOWICZVSTEIXEIRA,FIGHTIslamMakhachevDanHookerTheHangmanUFC267BLACHOWICZVSTEIXEIRA,IslamMakhachev,DanHookerThe Hangman,2:25,Male,No,SUB,3,Lightweight
63d1827b0d2ed8277bc5952a,1,UFCFIGHTNIGHT202MAKHACHEVVSGREEN,FIGHTIslamMakhachevBobbyGreenKingUFCFIGHTNIGHT202MAKHACHEVVSGREEN,IslamMakhachev,BobbyGreenKing,3:23,Male,No,TKO,5,Lightweight
63d18ac5ae1a86839518c77e,1,UFC275TEIXEIRAVSPROCHAZKA,FIGHTJackDellaMaddalenaRamazanEmeevGoretsUFC275TEIXEIRAVSPROCHAZKA,JackDella Maddalena,RamazanEmeevGorets,2:32,Male,No,TKO,3,Welterweight
63d2dcb3da5804df664245cb,1,UFC270NGANNOUVSGANE,FIGHTJackDellaMaddalenaPeteRodriguezDeadGameUFC270NGANNOUVSGANE,JackDella Maddalena,PeteRodriguezDead Game,2:59,Male,No,TKO,3,Welterweight
63d2e2efa76d6543bf6a9b20,2,UFCFIGHTNIGHT146LEWISVSDOSSANTOS,FIGHTJuniorDosSantosCiganoDerrickLewisTheBlackBeastUFCFIGHTNIGHT146LEWISVSDOSSANTOS,JuniorDos SantosCigano,DerrickLewisThe Black Beast,1:58,Male,No,TKO,5,Heavyweight
63d3ebbbd01d65db96241f3f,2,UFCFIGHTNIGHT174LEWISVSOLEYNIK,FIGHTDerrickLewisTheBlackBeastAlexeyOleynikTheBoaConstrictorUFCFIGHTNIGHT174LEWISVSOLEYNIK,DerrickLewisThe Black Beast,AlexeyOleynikThe Boa Constrictor,0:21,Male,No,TKO,5,Heavyweight
63d3fc6f086300d12621cbfe,3,UFC244MASVIDALVSDIAZ,FIGHTDerrickLewisTheBlackBeastBlagoyIvanovBagaUFC244MASVIDALVSDIAZ,DerrickLewisThe Black Beast,BlagoyIvanovBaga,5:00,Male,No,SD,3,Heavyweight
63d40ba1ed1d1cd7d2737860,2,UFCFIGHTNIGHT185BLAYDESVSLEWIS,FIGHTDerrickLewisTheBlackBeastCurtisBlaydesRazorUFCFIGHTNIGHT185BLAYDESVSLEWIS,DerrickLewisThe Black Beast,CurtisBlaydesRazor,1:26,Male,No,KO,5,Heavyweight
63d4348d6a3b4f9fabdafd23,3,UFC247JONESVSREYES,FIGHTDerrickLewisTheBlackBeastIlirLatifiTheSledgehammerUFC247JONESVSREYES,DerrickLewisThe Black Beast,IlirLatifiThe Sledgehammer,5:00,Male,No,UD,3,Heavyweight
63d44612f40125840a507ea3,3,UFC265LEWISVSGANE,FIGHTCirylGaneBonGaminDerrickLewisTheBlackBeastUFC265LEWISVSGANE,CirylGaneBon Gamin,DerrickLewisThe Black Beast,4:11,Male,Yes,TKO,5,Heavyweight
63d462e57540cb23a57b80ff,1,UFCFIGHTNIGHT199LEWISVSDAUKAUS,FIGHTDerrickLewisTheBlackBeastChrisDaukausUFCFIGHTNIGHT199LEWISVSDAUKAUS,DerrickLewisThe Black Beast,ChrisDaukaus,3:36,Male,No,KO,5,Heavyweight
63d4785e4511fb3b3ea90d17,2,UFC271ADESANYAVSWHITTAKER2,FIGHTTaiTuivasaBamBamDerrickLewisTheBlackBeastUFC271ADESANYAVSWHITTAKER2,TaiTuivasaBam Bam,DerrickLewisThe Black Beast,1:40,Male,No,KO,3,Heavyweight
63d5e9e5791c7255f09b0777,3,UFC259BLACHOWICZVSADESANYA,FIGHTIslamMakhachevDrewDoberUFC259BLACHOWICZVSADESANYA,IslamMakhachev,DrewDober,1:37,Male,No,SUB,3,Lightweight
63d812ef0c1bf60b2baafea7,2,UFC243WHITTAKERVSADESANYA,FIGHTSergeySpivakThePolarBearTaiTuivasaBamBamUFC243WHITTAKERVSADESANYA,SergeySpivakThe Polar Bear,TaiTuivasaBam Bam,3:14,Male,No,SUB,3,Heavyweight
63d81332cf7843ddb5de8f00,1,UFCFIGHTNIGHT151IAQUINTAVSCOWBOY,FIGHTWaltHarrisTheBigTicketSergeySpivakThePolarBearUFCFIGHTNIGHT151IAQUINTAVSCOWBOY,WaltHarrisThe Big Ticket,SergeySpivakThe Polar Bear,0:50,Male,No,TKO,3,Heavyweight
63d81bd1f47c2b009173a12b,3,UFCFIGHTNIGHT169BENAVIDEZVSFIGUEIREDO,FIGHTMarcinTyburaTyburSergeySpivakThePolarBearUFCFIGHTNIGHT169BENAVIDEZVSFIGUEIREDO,MarcinTyburaTybur,SergeySpivakThe Polar Bear,5:00,Male,No,UD,3,Heavyweight
63d85b02373dedd70ec57db6,2,UFCFIGHTNIGHT185BLAYDESVSLEWIS,FIGHTSergeySpivakThePolarBearJaredVanderaaTheMountainUFCFIGHTNIGHT185BLAYDESVSLEWIS,SergeySpivakThe Polar Bear,JaredVanderaaThe Mountain,4:32,Male,No,TKO,3,Heavyweight
63d85b802c75eb4d5594b061,3,UFCFIGHTNIGHT172FIGUEIREDOVSBENAVIDEZ2,FIGHTSergeySpivakThePolarBearCarlosFelipeBoiUFCFIGHTNIGHT172FIGUEIREDOVSBENAVIDEZ2,SergeySpivakThe Polar Bear,CarlosFelipeBoi,5:00,Male,No,Maj Dec,3,Heavyweight
63d9c35ad11f057360c8ef7f,3,UFCONESPN25KOREANZOMBIEVSIGE,FIGHTSergeySpivakThePolarBearAlexeyOleynikTheBoaConstrictorUFCONESPN25KOREANZOMBIEVSIGE,SergeySpivakThe Polar Bear,AlexeyOleynikThe Boa Constrictor,5:00,Male,No,UD,3,Heavyweight
63d9cf13f14ae8b02a39339b,1,UFCFIGHTNIGHT191BRUNSONVSTILL,FIGHTTomAspinallSergeySpivakThePolarBearUFCFIGHTNIGHT191BRUNSONVSTILL,TomAspinall,SergeySpivakThe Polar Bear,2:30,Male,No,TKO,3,Heavyweight
63d9d10cde5cbc8736755bf2,1,UFC272COVINGTONVSMASVIDAL,FIGHTSergeySpivakThePolarBearGregHardyPrinceofWarUFC272COVINGTONVSMASVIDAL,SergeySpivakThe Polar Bear,GregHardyPrince of War,2:16,Male,No,TKO,3,Heavyweight
63d9d2b9547b3af5fc1dc043,2,UFCONESPN40SANTOSVSHILL,FIGHTSergeySpivakThePolarBearAugustoSakaiUFCONESPN40SANTOSVSHILL,SergeySpivakThe Polar Bear,AugustoSakai,3:42,Male,No,TKO,3,Heavyweight
63db04a16338b6e0b875b842,1,UFCFIGHTNIGHT199LEWISVSDAUKAUS,FIGHTJustinTafaBadManHarryHunsuckerTheHurricaneUFCFIGHTNIGHT199LEWISVSDAUKAUS,JustinTafaBad Man,HarryHunsuckerThe Hurricane,1:53,Male,No,KO,3,Heavyweight
63db15c9dc54e96bad64d1a1,3,UFCONABC1HOLLOWAYVSKATTAR,FIGHTCarlosFelipeBoiJustinTafaBadManUFCONABC1HOLLOWAYVSKATTAR,CarlosFelipeBoi,JustinTafaBad Man,5:00,Male,No,SD,3,Heavyweight
63db166ea41ac95d9fcf3430,3,UFCFIGHTNIGHT188FONTVSGARBRANDT,FIGHTJaredVanderaaTheMountainJustinTafaBadManUFCFIGHTNIGHT188FONTVSGARBRANDT,JaredVanderaaThe Mountain,JustinTafaBad Man,5:00,Male,No,UD,3,Heavyweight
63dc0e3f0d56503a48cf2347,4,UFCONESPN26MAKHACHEVVSMOISES,FIGHTIslamMakhachevThiagoMoisesUFCONESPN26MAKHACHEVVSMOISES,IslamMakhachev,ThiagoMoises,2:38,Male,No,SUB,5,Lightweight
63dc33a2e61c2512cf661bf5,1,UFC234ADESANYAVSSILVA,"FIGHTJimmyCruteTheBruteSamAlveySmile'nUFC234ADESANYAVSSILVA",JimmyCruteThe Brute,"SamAlveySmile'n",2:49,Male,No,TKO,3,LightHeavyweight
63dc33f8f765c4b1f441e8c5,1,UFCFIGHTNIGHT158COWBOYVSGAETHJE,FIGHTMishaCirkunovJimmyCruteTheBruteUFCFIGHTNIGHT158COWBOYVSGAETHJE,MishaCirkunov,JimmyCruteThe Brute,3:38,Male,No,SUB,3,LightHeavyweight
63dd5a26d230ee7e87833a85,3,UFC242KHABIBVSPOIRIER,FIGHTIslamMakhachevDaviRamosTasmanianDevilUFC242KHABIBVSPOIRIER,IslamMakhachev,DaviRamosTasmanian Devil,5:00,Male,No,UD,3,Lightweight
63dda7d6f84c64268384598f,1,UFCFIGHTNIGHT168FELDERVSHOOKER,FIGHTJimmyCruteTheBruteMichalOleksiejczukHussarUFCFIGHTNIGHT168FELDERVSHOOKER,JimmyCruteThe Brute,MichalOleksiejczukHussar,3:29,Male,No,SUB,3,LightHeavyweight
63ddab979527ee3acb38ff31,1,UFC261USMANVSMASVIDAL2,FIGHTAnthonySmithLionheartJimmyCruteTheBruteUFC261USMANVSMASVIDAL2,AnthonySmithLionheart,JimmyCruteThe Brute,5:00,Male,No,Doctor Stoppage,3,LightHeavyweight
63ddaf0c227532039e6c8e14,1,UFCFIGHTNIGHT180ORTEGAVSKOREANZOMBIE,FIGHTJimmyCruteTheBruteModestasBukauskasTheBalticGladiatorUFCFIGHTNIGHT180ORTEGAVSKOREANZOMBIE,JimmyCruteThe Brute,ModestasBukauskasThe Baltic Gladiator,2:01,Male,No,KO,3,LightHeavyweight
63dea58895049fac5300c9d3,3,UFCFIGHTNIGHT154MOICANOVSTHEKOREANZOMBIE,FIGHTRandyBrownRudeBoyBryanBarberenaBamBamUFCFIGHTNIGHT154MOICANOVSTHEKOREANZOMBIE,RandyBrownRude Boy,BryanBarberenaBam Bam,2:54,Male,No,TKO,3,Welterweight
63df053bd851dcac2982560a,3,UFCFIGHTNIGHT149OVEREEMVSOLEINIK,FIGHTIslamMakhachevArmanTsarukyanAhalkalaketsUFCFIGHTNIGHT149OVEREEMVSOLEINIK,IslamMakhachev,ArmanTsarukyanAhalkalakets,5:00,Male,No,UD,3,Lightweight
63df2a3e9f3fafc8693c4cc2,2,UFCFIGHTNIGHT164BLACHOWICZVSJACARE,FIGHTRandyBrownRudeBoyWarlleyAlvesUFCFIGHTNIGHT164BLACHOWICZVSJACARE,RandyBrownRude Boy,WarlleyAlves,1:22,Male,No,SUB,3,Welterweight
63dfee70fa5577eb95ad820f,2,UFCFIGHTNIGHT173BRUNSONVSSHAHBAZYAN,FIGHTVicenteLuqueTheSilentAssassinRandyBrownRudeBoyUFCFIGHTNIGHT173BRUNSONVSSHAHBAZYAN,VicenteLuqueThe Silent Assassin,RandyBrownRude Boy,4:56,Male,No,KO,3,Welterweight
63e02c7aa44039bf955690a5,3,UFCONESPN11BLAYDESVSVOLKOV,FIGHTJoshEmmettCCOShaneBurgosHurricaneUFCONESPN11BLAYDESVSVOLKOV,JoshEmmettCCO,ShaneBurgosHurricane,5:00,Male,No,UD,3,Featherweight
63e03d228e7642e9e0d5a23c,1,UFC261USMANVSMASVIDAL2,FIGHTRandyBrownRudeBoyAlexOliveiraCowboyUFC261USMANVSMASVIDAL2,RandyBrownRude Boy,AlexOliveiraCowboy,2:50,Male,No,SUB,3,Welterweight
63e0415e3318ed913fddda37,3,UFCFIGHTNIGHT194DERNVSRODRIGUEZ,FIGHTRandyBrownRudeBoyJaredGoodenNiteTrainUFCFIGHTNIGHT194DERNVSRODRIGUEZ,RandyBrownRude Boy,JaredGoodenNite Train,5:00,Male,No,UD,3,Catchweight
63e05d5c720644eb9bef6a9c,3,UFC274OLIVEIRAVSGAETHJE,FIGHTRandyBrownRudeBoyKalinnWilliamsKhaostheOxFighterUFC274OLIVEIRAVSGAETHJE,RandyBrownRude Boy,KalinnWilliamsKhaos the Ox Fighter,5:00,Male,No,SD,3,Welterweight
63e062673c37e85631a7596d,1,UFCFIGHTNIGHT155DERANDAMIEVSLADD,FIGHTJoshEmmettCCOMirsadBekticUFCFIGHTNIGHT155DERANDAMIEVSLADD,JoshEmmettCCO,MirsadBektic,4:25,Male,No,TKO,3,Featherweight
63e065324208cfe760dafeda,3,UFCFIGHTNIGHT211DERNVSYAN,FIGHTRandyBrownRudeBoyFranciscoTrinaldoMassarandubaUFCFIGHTNIGHT211DERNVSYAN,RandyBrownRude Boy,FranciscoTrinaldoMassaranduba,5:00,Male,No,UD,3,Welterweight
63e075a00a3964697db49930,4,UFC273VOLKANOVSKIVSKOREANZOMBIE,FIGHTAlexanderVolkanovskiTheGreatChanSungJungTheKoreanZombieUFC273VOLKANOVSKIVSKOREANZOMBIE,AlexanderVolkanovskiThe Great,ChanSung JungThe Korean Zombie,0:45,Male,Yes,TKO,5,Featherweight
63e15af11b022363a4773f09,1,UFCFIGHTNIGHT215NZECHUKWUVSCUTELABA,FIGHTJackDellaMaddalenaDannyRobertsHotChocolateUFCFIGHTNIGHT215NZECHUKWUVSCUTELABA,JackDella Maddalena,DannyRobertsHot Chocolate,3:24,Male,No,TKO,3,Welterweight
63e1ace19b64fa4f0755d905,1,UFC252MIOCICVSCORMIER3,FIGHTChrisDaukausParkerPorterUFC252MIOCICVSCORMIER3,ChrisDaukaus,ParkerPorter,4:28,Male,No,TKO,3,Heavyweight
63e1b6046628f96dbd12f276,3,UFCONESPN18SMITHVSCLARK,FIGHTParkerPorterJoshParisianUFCONESPN18SMITHVSCLARK,ParkerPorter,JoshParisian,5:00,Male,No,UD,3,Heavyweight
63e1c3ee81444721361b987a,3,UFCONESPN29CANNONIERVSGASTELUM,FIGHTParkerPorterChaseShermanTheVanillaGorillaUFCONESPN29CANNONIERVSGASTELUM,ParkerPorter,ChaseShermanThe Vanilla Gorilla,5:00,Male,No,UD,3,Heavyweight
63e1cddd5a59266810af7130,3,UFCONESPN2BARBOZAVSGAETHJE,FIGHTJoshEmmettCCOMichaelJohnsonTheMenaceUFCONESPN2BARBOZAVSGAETHJE,JoshEmmettCCO,MichaelJohnsonThe Menace,4:14,Male,No,KO,3,Featherweight
63e1d4b4bf63e6e61f2db4a4,3,UFCFIGHTNIGHT201WALKERVSHILL,FIGHTParkerPorterAlanBaudotBlackSamouraiUFCFIGHTNIGHT201WALKERVSHILL,ParkerPorter,AlanBaudotBlack Samourai,5:00,Male,No,UD,3,Heavyweight
63e1df16ae4bd1ae97dfdecc,1,UFCFIGHTNIGHT206HOLMVSVIERA,FIGHTJailtonAlmeidaMalhadinhoParkerPorterUFCFIGHTNIGHT206HOLMVSVIERA,JailtonAlmeidaMalhadinho,ParkerPorter,4:35,Male,No,SUB,3,Heavyweight
63e1ea8a2a571b158a13929c,1,UFC260MIOCICVSNGANNOU2,FIGHTAlonzoMenifieldAtomicFabioCherantTheWaterBuffaloUFC260MIOCICVSNGANNOU2,AlonzoMenifieldAtomic,FabioCherantThe Water Buffalo,1:11,Male,No,SUB,3,Catchweight
63e2b1e47b26ef1ada012901,3,UFC265LEWISVSGANE,FIGHTAlonzoMenifieldAtomicEdHermanShortFuseUFC265LEWISVSGANE,AlonzoMenifieldAtomic,EdHermanShort Fuse,5:00,Male,No,UD,3,LightHeavyweight
63e2b47cfa735d8bb12b2805,3,UFC269OLIVEIRAVSPOIRIER,FIGHTJoshEmmettCCODanIgePropheticUFC269OLIVEIRAVSPOIRIER,JoshEmmettCCO,DanIgeProphetic,5:00,Male,No,UD,3,Featherweight
63e2cf525b360dd6067864d6,5,UFCONESPN37KATTARVSEMMETT,FIGHTJoshEmmettCCOCalvinKattarTheBostonFinisherUFCONESPN37KATTARVSEMMETT,JoshEmmettCCO,CalvinKattarThe Boston Finisher,5:00,Male,No,SD,5,Featherweight
63e2dc8c0203fb13b0bbedfa,3,UFCONESPN31FONTVSALDO,FIGHTWilliamKnightKnightmareAlonzoMenifieldAtomicUFCONESPN31FONTVSALDO,WilliamKnightKnightmare,AlonzoMenifieldAtomic,5:00,Male,No,UD,3,LightHeavyweight
63e30db939309655b43e0b79,1,UFCFIGHTNIGHT207VOLKOVVSROZENSTRUIK,FIGHTAlonzoMenifieldAtomicAskarMozharovBlackJaguarUFCFIGHTNIGHT207VOLKOVVSROZENSTRUIK,AlonzoMenifieldAtomic,AskarMozharovBlack Jaguar,4:40,Male,No,TKO,3,LightHeavyweight
63e3102a9964274936e1c329,2,UFC211MIOCICVSDOSSANTOS2,FIGHTFrankieEdgarTheAnswerYairRodriguezElPanteraUFC211MIOCICVSDOSSANTOS2,FrankieEdgarThe Answer,YairRodriguezEl Pantera,5:00,Male,No,Doctor Stoppage,3,Featherweight
63e31529a842dd6287a016fe,1,UFCFIGHTNIGHT212GRASSOVSARAUJO,FIGHTAlonzoMenifieldAtomicMishaCirkunovUFCFIGHTNIGHT212GRASSOVSARAUJO,AlonzoMenifieldAtomic,MishaCirkunov,1:28,Male,No,KO,3,LightHeavyweight
63e3177a6b24322d22ecd5e8,2,UFCONFOX28EMMETTVSSTEPHENS,FIGHTJeremyStephensLilHeathenJoshEmmettCCOUFCONFOX28EMMETTVSSTEPHENS,Jeremy StephensLil Heathen,JoshEmmettCCO,1:35,Male,No,KO,5,Featherweight
63e323263f32374fb97465ac,1,UFCFIGHTNIGHT218LEWISVSSPIVAK,FIGHTSergeySpivakThePolarBearDerrickLewisTheBlackBeastUFCFIGHTNIGHT218LEWISVSSPIVAK,SergeySpivakThe Polar Bear,DerrickLewisThe Black Beast,3:05,Male,No,SUB,5,Heavyweight
63e355c47226d92f9db5b271,1,UFCFIGHTNIGHT143CEJUDOVSDILLASHAW,FIGHTAlonzoMenifieldAtomicViniciusMoreiraMamuteUFCFIGHTNIGHT143CEJUDOVSDILLASHAW,AlonzoMenifieldAtomic,ViniciusMoreiraMamute,3:56,Male,No,TKO,3,LightHeavyweight
63e7ef1b330c9cfcf157617a,2,UFC284MAKHACHEVVSVOLKANOVSKI,FIGHTKonklakSuphisaraLomaLookboonmeeEliseReedUFC284MAKHACHEVVSVOLKANOVSKI,KonklakSuphisaraLoma Lookboonmee,EliseReed,0:44,Female,No,SUB,3,WomensStrawweight
63e7ef571636ebc9955916d2,3,UFC284MAKHACHEVVSVOLKANOVSKI,FIGHTJackJenkinsPharDonShainisShamelessUFC284MAKHACHEVVSVOLKANOVSKI,JackJenkinsPhar,DonShainisShameless,5:00,Male,No,UD,3,Featherweight
63e94310cb3479d7337bbb4a,5,UFC284MAKHACHEVVSVOLKANOVSKI,FIGHTIslamMakhachevAlexanderVolkanovskiTheGreatUFC284MAKHACHEVVSVOLKANOVSKI,IslamMakhachev,AlexanderVolkanovskiThe Great,5:00,Male,Yes,UD,5,Lightweight
63e9435bd219b5aa31159f3f,2,UFC284MAKHACHEVVSVOLKANOVSKI,FIGHTYairRodriguezElPanteraJoshEmmettCCOUFC284MAKHACHEVVSVOLKANOVSKI,YairRodriguezEl Pantera,JoshEmmettCCO,4:19,Male,Yes,SUB,5,Featherweight
63e96fe4706cc50562cda309,1,UFC284MAKHACHEVVSVOLKANOVSKI,FIGHTJustinTafaBadManParkerPorterUFC284MAKHACHEVVSVOLKANOVSKI,JustinTafaBad Man,ParkerPorter,1:06,Male,No,KO,3,Heavyweight
63e970ca967f60b4d711c0f1,1,UFC284MAKHACHEVVSVOLKANOVSKI,FIGHTJackDellaMaddalenaRandyBrownRudeBoyUFC284MAKHACHEVVSVOLKANOVSKI,JackDella Maddalena,RandyBrownRude Boy,2:13,Male,No,SUB,3,Welterweight
63e975e3187c4856df9fdc96,3,UFCFIGHTNIGHT192SMITHVSSPANN,FIGHTErinBlanchfieldColdBloodedSarahAlparTooSweetUFCFIGHTNIGHT192SMITHVSSPANN,ErinBlanchfieldCold Blooded,SarahAlparToo Sweet,5:00,Female,No,UD,3,WomensFlyweight
63e997a466380ed23bc2a9a8,3,UFC269OLIVEIRAVSPOIRIER,FIGHTErinBlanchfieldColdBloodedMirandaMaverickFearTheUFC269OLIVEIRAVSPOIRIER,ErinBlanchfieldCold Blooded,MirandaMaverickFear The,5:00,Female,No,UD,3,WomensFlyweight
63ebd89d9c649f900ef1b46f,2,UFCFIGHTNIGHT207VOLKOVVSROZENSTRUIK,FIGHTErinBlanchfieldColdBloodedJ.JAldrichUFCFIGHTNIGHT207VOLKOVVSROZENSTRUIK,ErinBlanchfieldCold Blooded,J.JAldrich,2:38,Female,No,SUB,3,WomensFlyweight
63ec31d35f78f3206d8d899c,1,UFC281ADESANYAVSPEREIRA,FIGHTErinBlanchfieldColdBloodedMollyMcCannMeatballUFC281ADESANYAVSPEREIRA,ErinBlanchfieldCold Blooded,MollyMcCannMeatball,3:37,Female,No,SUB,3,WomensFlyweight
63ed367a4e625825567619e1,1,UFCFIGHTNIGHT200HERMANSSONVSSTRICKLAND,FIGHTShavkatRakhmonovNomadCarlstonHarrisUFCFIGHTNIGHT200HERMANSSONVSSTRICKLAND,ShavkatRakhmonovNomad,CarlstonHarris,4:10,Male,No,KO,3,Welterweight
63ed38eb9045fb16b2111f36,2,UFC237NAMAJUNASVSANDRADE,FIGHTJessicaAndradeBateEstacaRoseNamajunasThugUFC237NAMAJUNASVSANDRADE,JessicaAndradeBate Estaca,RoseNamajunasThug,2:58,Female,Yes,KO,5,WomensStrawweight
63ed3f45f9648dcaaa5ce261,1,UFCFIGHTNIGHT157ANDRADEVSZHANG,FIGHTWeiliZhangMagnumJessicaAndradeBateEstacaUFCFIGHTNIGHT157ANDRADEVSZHANG,WeiliZhangMagnum,JessicaAndradeBate Estaca,0:42,Female,Yes,TKO,5,WomensStrawweight
63ed9a68d63d7a0348ae61da,3,UFC251USMANVSMASVIDAL,FIGHTRoseNamajunasThugJessicaAndradeBateEstacaUFC251USMANVSMASVIDAL,RoseNamajunasThug,JessicaAndradeBate Estaca,5:00,Female,No,SD,3,WomensStrawweight
63edad43fa2e7c8f5247bf29,1,UFCFIGHTNIGHT180ORTEGAVSKOREANZOMBIE,FIGHTJessicaAndradeBateEstacaKatlynChookagianBlondeFighterUFCFIGHTNIGHT180ORTEGAVSKOREANZOMBIE,JessicaAndradeBate Estaca,KatlynChookagianBlonde Fighter,4:55,Female,No,KO,3,WomensFlyweight
63ee85a8f85dacc7ed9255fd,1,UFC254NURMAGOMEDOVVSGAETHJE,FIGHTShavkatRakhmonovNomadAlexOliveiraCowboyUFC254NURMAGOMEDOVVSGAETHJE,ShavkatRakhmonovNomad,AlexOliveiraCowboy,4:40,Male,No,SUB,3,Welterweight
63ee9faf9d4d6abfe27f7eec,2,UFC261USMANVSMASVIDAL2,FIGHTValentinaShevchenkoBulletJessicaAndradeBateEstacaUFC261USMANVSMASVIDAL2,ValentinaShevchenkoBullet,JessicaAndradeBate Estaca,3:19,Female,Yes,TKO,5,WomensFlyweight
63eea8f697320f6855ec1669,1,UFC266VOLKANOVSKIVSORTEGA,FIGHTJessicaAndradeBateEstacaCynthiaCalvilloUFC266VOLKANOVSKIVSORTEGA,JessicaAndradeBate Estaca,CynthiaCalvillo,4:54,Female,No,TKO,3,WomensFlyweight
63eead8a896854070a280001,1,UFCFIGHTNIGHT205LEMOSVSANDRADE,FIGHTJessicaAndradeBateEstacaAmandaLemosAmandinhaUFCFIGHTNIGHT205LEMOSVSANDRADE,JessicaAndradeBate Estaca,AmandaLemosAmandinha,3:13,Female,No,SUB,5,WomensStrawweight
63eeae65d77743e211a9649d,3,UFC283TEIXEIRAVSHILL,FIGHTJessicaAndradeBateEstacaLaurenMurphyLuckyUFC283TEIXEIRAVSHILL,JessicaAndradeBate Estaca,LaurenMurphyLucky,5:00,Female,No,UD,3,WomensFlyweight
63efd2246302ddc7f9b4cdad,2,UFCFIGHTNIGHT190GANEVSVOLKOV,FIGHTShavkatRakhmonovNomadMichelPrazeresTractorUFCFIGHTNIGHT190GANEVSVOLKOV,ShavkatRakhmonovNomad,MichelPrazeresTractor,2:10,Male,No,SUB,3,Welterweight
63efda75ea6aab379daa8d06,2,UFC256FIGUEIREDOVSMORENO,FIGHTCirylGaneBonGaminJuniorDosSantosCiganoUFC256FIGUEIREDOVSMORENO,CirylGaneBon Gamin,JuniorDos SantosCigano,2:34,Male,No,TKO,3,Heavyweight
63f0079fe616e7e06f34aa01,1,UFC234ADESANYAVSSILVA,FIGHTJalinTurnerTheTarantulaCallanPotterTheRockstarUFC234ADESANYAVSSILVA,JalinTurnerThe Tarantula,CallanPotterThe Rockstar,0:53,Male,No,TKO,3,Lightweight
63f03a180248700049e9e0ac,3,UFC236HOLLOWAYVSPOIRIER,FIGHTMattFrevolaTheSteamrollaJalinTurnerTheTarantulaUFC236HOLLOWAYVSPOIRIER,MattFrevolaThe Steamrolla,JalinTurnerThe Tarantula,5:00,Male,No,UD,3,Lightweight
63f0457ba17b7e5b8aa5f20e,5,UFC197JONESVSSAINTPREUX,FIGHTJonJonesBonesOvinceSt.PreuxOSPUFC197JONESVSSAINTPREUX,JonJonesBones,OvinceSt. PreuxOSP,5:00,Male,Yes,UD,5,LightHeavyweight
63f059c3d1018d934e4462f9,2,UFCFIGHTNIGHT168FELDERVSHOOKER,FIGHTJalinTurnerTheTarantulaJoshuaCulibaoKuyaUFCFIGHTNIGHT168FELDERVSHOOKER,JalinTurnerThe Tarantula,JoshuaCulibaoKuya,3:01,Male,No,TKO,3,Lightweight
63f16424f158776bbd7ec697,1,UFCFIGHTNIGHT208BLAYDESVSASPINALL,FIGHTNikitaKrylovTheMinerAlexanderGustafssonTheMaulerUFCFIGHTNIGHT208BLAYDESVSASPINALL,NikitaKrylovThe Miner,AlexanderGustafssonThe Mauler,1:07,Male,No,KO,3,LightHeavyweight
63f177f8e902b75ea13c38a1,3,UFCFIGHTNIGHT162MAIAVSASKREN,"FIGHTCirylGaneBonGaminDon'taleMayesLordKongUFCFIGHTNIGHT162MAIAVSASKREN",CirylGaneBon Gamin,"Don'taleMayesLord Kong",4:46,Male,No,SUB,3,Heavyweight
63f19bcdba39010bed376d11,3,UFC214CORMIERVSJONES2,FIGHTJonJonesBonesDanielCormierDCUFC214CORMIERVSJONES2,JonJonesBones,DanielCormierDC,3:01,Male,Yes,No Contest,5,LightHeavyweight
63f1a2db5f2943762bf6736b,3,UFC232JONESVSGUSTAFSSON2,FIGHTJonJonesBonesAlexanderGustafssonTheMaulerUFC232JONESVSGUSTAFSSON2,JonJonesBones,AlexanderGustafssonThe Mauler,2:02,Male,Yes,KO,5,LightHeavyweight
63f27fa9a706bd26902f730e,1,UFC237NAMAJUNASVSANDRADE,FIGHTRyanSpannSupermanAntonioRogerioNogueiraMinotouroUFC237NAMAJUNASVSANDRADE,RyanSpannSuperman,AntonioRogerio NogueiraMinotouro,2:07,Male,No,KO,3,LightHeavyweight
63f2804342570f47295a2c48,2,UFCFIGHTNIGHT219ANDRADEVSBLANCHFIELD,FIGHTErinBlanchfieldColdBloodedJessicaAndradeBateEstacaUFCFIGHTNIGHT219ANDRADEVSBLANCHFIELD,ErinBlanchfieldCold Blooded,JessicaAndradeBate Estaca,1:37,Female,No,SUB,5,WomensFlyweight
63f2c69c72674dc820263b59,2,UFC236HOLLOWAYVSPOIRIER,FIGHTNikitaKrylovTheMinerOvinceSt.PreuxOSPUFC236HOLLOWAYVSPOIRIER,NikitaKrylovThe Miner,OvinceSt. PreuxOSP,2:30,Male,No,SUB,3,LightHeavyweight
63f2cfc32e6121be02eab3da,3,UFC280OLIVEIRAVSMAKHACHEV,FIGHTNikitaKrylovTheMinerVolkanOezdemirNoTimeUFC280OLIVEIRAVSMAKHACHEV,NikitaKrylovThe Miner,VolkanOezdemirNo Time,5:00,Male,No,UD,3,LightHeavyweight
63f2d9376631fededd22660a,2,UFCFIGHTNIGHT161JEDRZEJCZYKVSWATERSON,FIGHTRyanSpannSupermanDevinClarkBrownBearUFCFIGHTNIGHT161JEDRZEJCZYKVSWATERSON,RyanSpannSuperman,DevinClarkBrown Bear,2:01,Male,No,SUB,3,LightHeavyweight
63f2dd32053d7c924a12bae6,3,UFC249FERGUSONVSGAETHJE,"FIGHTRyanSpannSupermanSamAlveySmile'nUFC249FERGUSONVSGAETHJE",RyanSpannSuperman,"SamAlveySmile'n",5:00,Male,No,SD,3,LightHeavyweight
63f3d4ca9d103506f0a428ae,1,UFCFIGHTNIGHT187EDWARDSVSMUHAMMAD,FIGHTRyanSpannSupermanMishaCirkunovUFCFIGHTNIGHT187EDWARDSVSMUHAMMAD,RyanSpannSuperman,MishaCirkunov,1:11,Male,No,TKO,3,LightHeavyweight
63f3d94cdd459d0a63d8815c,1,UFCFIGHTNIGHT192SMITHVSSPANN,FIGHTAnthonySmithLionheartRyanSpannSupermanUFCFIGHTNIGHT192SMITHVSSPANN,AnthonySmithLionheart,RyanSpannSuperman,3:47,Male,No,SUB,5,LightHeavyweight
63f3de842a73999c04467481,1,UFCONESPN36BLACHOWICZVSRAKIC,FIGHTRyanSpannSupermanIonCutelabaTheHulkUFCONESPN36BLACHOWICZVSRAKIC,RyanSpannSuperman,IonCutelabaThe Hulk,2:22,Male,No,SUB,3,LightHeavyweight
63f3dee5fa34d542c2d29ca9,1,UFC281ADESANYAVSPEREIRA,FIGHTRyanSpannSupermanDominickReyesTheDevastatorUFC281ADESANYAVSPEREIRA,RyanSpannSuperman,DominickReyesThe Devastator,1:20,Male,No,KO,3,LightHeavyweight
63f3f442734f082fdab4ace3,5,UFCFIGHTNIGHT190GANEVSVOLKOV,FIGHTCirylGaneBonGaminAlexanderVolkovDragoUFCFIGHTNIGHT190GANEVSVOLKOV,CirylGaneBon Gamin,AlexanderVolkovDrago,5:00,Male,No,UD,5,Heavyweight
63f41ca59f010464b90b792f,3,UFC238CEJUDOVSMORAES,FIGHTAlexaGrassoKarolinaKowalkiewiczUFC238CEJUDOVSMORAES,AlexaGrasso,KarolinaKowalkiewicz,5:00,Female,No,UD,3,WomensStrawweight
63f43c168403da35a666d4fd,5,UFC235JONESVSSMITH,FIGHTJonJonesBonesAnthonySmithLionheartUFC235JONESVSSMITH,JonJonesBones,AnthonySmithLionheart,5:00,Male,Yes,UD,5,LightHeavyweight
63f55e04001f5debbbc4fd80,5,UFC239JONESVSSANTOS,FIGHTJonJonesBonesThiagoSantosMarretaUFC239JONESVSSANTOS,JonJonesBones,ThiagoSantosMarreta,5:00,Male,Yes,SD,5,LightHeavyweight
63f57f4e427a8926e6c572bf,5,UFC247JONESVSREYES,FIGHTJonJonesBonesDominickReyesTheDevastatorUFC247JONESVSREYES,JonJonesBones,DominickReyesThe Devastator,5:00,Male,Yes,UD,5,LightHeavyweight
63f58a0b02765346993c1657,1,UFCFIGHTNIGHT156SHEVCHENKOVSCARMOUCHE2,FIGHTCirylGaneBonGaminRaphaelPessoaBebezaoUFCFIGHTNIGHT156SHEVCHENKOVSCARMOUCHE2,CirylGaneBon Gamin,RaphaelPessoaBebezao,4:12,Male,No,SUB,3,Heavyweight
63f67d47b23def56e39f9620,2,UFCFIGHTNIGHT177WATERSONVSHILL,FIGHTJalinTurnerTheTarantulaBrokWeaverChataTuskaUFCFIGHTNIGHT177WATERSONVSHILL,JalinTurnerThe Tarantula,BrokWeaverChata Tuska,4:20,Male,No,SUB,3,Catchweight
63f67df40c32a92650b34448,1,UFC266VOLKANOVSKIVSORTEGA,FIGHTJalinTurnerTheTarantulaUrosMedicTheDoctorUFC266VOLKANOVSKIVSORTEGA,JalinTurnerThe Tarantula,UrosMedicThe Doctor,4:01,Male,No,SUB,3,Lightweight
63f689f9134774539440cba2,2,UFC272COVINGTONVSMASVIDAL,FIGHTJalinTurnerTheTarantulaJamieMullarkeyUFC272COVINGTONVSMASVIDAL,JalinTurnerThe Tarantula,JamieMullarkey,0:46,Male,No,TKO,3,Lightweight
63f68a97c503a9607ad51863,1,UFC276ADESANYAVSCANNONIER,FIGHTJalinTurnerTheTarantulaBradRiddellQuakeUFC276ADESANYAVSCANNONIER,JalinTurnerThe Tarantula,BradRiddellQuake,0:45,Male,No,SUB,3,Lightweight
63f6abadf916cd7ad2d65866,3,UFCFIGHTNIGHT165EDGARVSKOREANZOMBIE,FIGHTCirylGaneBonGaminTannerBoserTheBulldozerUFCFIGHTNIGHT165EDGARVSKOREANZOMBIE,CirylGaneBon Gamin,TannerBoserThe Bulldozer,5:00,Male,No,UD,3,Heavyweight
63f6ac81e643b4087a44cf25,5,UFCFIGHTNIGHT186ROZENSTRUIKVSGANE,FIGHTCirylGaneBonGaminJairzinhoRozenstruikBigiBoyUFCFIGHTNIGHT186ROZENSTRUIKVSGANE,CirylGaneBon Gamin,JairzinhoRozenstruikBigi Boy,5:00,Male,No,UD,5,Heavyweight
63f6bd0ae02c63a01e079efe,3,UFCFIGHTNIGHT209GANEVSTUIVASA,FIGHTCirylGaneBonGaminTaiTuivasaBamBamUFCFIGHTNIGHT209GANEVSTUIVASA,CirylGaneBon Gamin,TaiTuivasaBam Bam,4:23,Male,No,KO,5,Heavyweight
63f8fad4660b892fe390a126,2,UFC240HOLLOWAYVSEDGAR,FIGHTGeoffNealHandzofSteelNikoPriceTheHybridUFC240HOLLOWAYVSEDGAR,GeoffNealHandz of Steel,NikoPriceThe Hybrid,2:39,Male,No,TKO,3,Welterweight
63f92e8899713d9a4e9ccbd4,1,UFC245USMANVSCOVINGTON,FIGHTGeoffNealHandzofSteelMikePerryPlatinumUFC245USMANVSCOVINGTON,GeoffNealHandz of Steel,MikePerryPlatinum,1:30,Male,No,TKO,3,Welterweight
63f96433966935d8f13b2406,3,UFCONESPN40SANTOSVSHILL,FIGHTGeoffNealHandzofSteelVicenteLuqueTheSilentAssassinUFCONESPN40SANTOSVSHILL,GeoffNealHandz of Steel,VicenteLuqueThe Silent Assassin,2:01,Male,No,KO,3,Welterweight
63fa5e3176143c5fcc5b9327,3,UFCONESPN24RODRIGUEZVSWATERSON,FIGHTNeilMagnyTheHaitianSensationGeoffNealHandzofSteelUFCONESPN24RODRIGUEZVSWATERSON,NeilMagnyThe Haitian Sensation,GeoffNealHandz of Steel,5:00,Male,No,UD,3,Welterweight
63faa4e67968f484321e1bde,5,UFCFIGHTNIGHT183THOMPSONVSNEAL,FIGHTStephenThompsonWonderboyGeoffNealHandzofSteelUFCFIGHTNIGHT183THOMPSONVSNEAL,StephenThompsonWonderboy,GeoffNealHandz of Steel,5:00,Male,No,UD,5,Welterweight
63fafeaca03a6f8a06aea160,5,UFCONESPN38TSARUKYANVSGAMROT,FIGHTMateuszGamrotGamerArmanTsarukyanAhalkalaketsUFCONESPN38TSARUKYANVSGAMROT,MateuszGamrotGamer,ArmanTsarukyanAhalkalakets,5:00,Male,No,UD,5,Lightweight
63fba7efdb449cb911bc971b,2,UFC238CEJUDOVSMORAES,FIGHTValentinaShevchenkoBulletJessicaEyeEvilUFC238CEJUDOVSMORAES,ValentinaShevchenkoBullet,JessicaEyeEvil,0:26,Female,Yes,KO,5,WomensFlyweight
63fbb13c6b7df182f8931172,3,UFC247JONESVSREYES,FIGHTValentinaShevchenkoBulletKatlynChookagianBlondeFighterUFC247JONESVSREYES,ValentinaShevchenkoBullet,KatlynChookagianBlonde Fighter,1:03,Female,Yes,TKO,5,WomensFlyweight
63fbb80447709ac865947466,3,UFCFIGHTNIGHT159RODRIGUEZVSSTEPHENS,FIGHTCarlaEsparzaCookieMonsterAlexaGrassoUFCFIGHTNIGHT159RODRIGUEZVSSTEPHENS,CarlaEsparzaCookie Monster,AlexaGrasso,5:00,Female,No,Maj Dec,3,WomensStrawweight
63fbd065a641d847213a7907,3,UFCFIGHTNIGHT175SMITHVSRAKIC,FIGHTAlexaGrassoJiYeonKimFireFistUFCFIGHTNIGHT175SMITHVSRAKIC,AlexaGrasso,Ji YeonKimFire Fist,5:00,Female,No,UD,3,WomensFlyweight
63fc1710a85a593723dce433,3,UFC258USMANVSBURNS,FIGHTAlexaGrassoMayceeBarberTheFutureUFC258USMANVSBURNS,AlexaGrasso,MayceeBarberThe Future,5:00,Female,No,UD,3,WomensFlyweight
63fc38d4975315bbb0d716cb,1,UFCONESPN33BLAYDESVSDAUKAUS,FIGHTAlexaGrassoJoanneWoodJojoUFCONESPN33BLAYDESVSDAUKAUS,AlexaGrasso,JoanneWoodJojo,3:57,Female,No,SUB,3,WomensFlyweight
63fcf30ce32211256d8ed76c,5,UFC255FIGUEIREDOVSPEREZ,FIGHTValentinaShevchenkoBulletJenniferMaiaUFC255FIGUEIREDOVSPEREZ,ValentinaShevchenkoBullet,JenniferMaia,5:00,Female,Yes,UD,5,WomensFlyweight
63fd9fe6d20a4a2f853b1b61,4,UFC266VOLKANOVSKIVSORTEGA,FIGHTValentinaShevchenkoBulletLaurenMurphyLuckyUFC266VOLKANOVSKIVSORTEGA,ValentinaShevchenkoBullet,LaurenMurphyLucky,4:00,Female,Yes,TKO,5,WomensFlyweight
63fe6ea8f265c5d43e625f55,5,UFCFIGHTNIGHT212GRASSOVSARAUJO,FIGHTAlexaGrassoVivianeAraujoViviUFCFIGHTNIGHT212GRASSOVSARAUJO,AlexaGrasso,VivianeAraujoVivi,5:00,Female,No,UD,5,WomensFlyweight
63fe70acd6259c81fc06c1b8,1,UFCONESPN26MAKHACHEVVSMOISES,FIGHTMateuszGamrotGamerJeremyStephensLilHeathenUFCONESPN26MAKHACHEVVSMOISES,MateuszGamrotGamer,Jeremy StephensLil Heathen,1:05,Male,No,SUB,3,Lightweight
63fec11e7c73d78de68f4cce,3,UFC280OLIVEIRAVSMAKHACHEV,FIGHTBeneilDariushBennyMateuszGamrotGamerUFC280OLIVEIRAVSMAKHACHEV,BeneilDariushBenny,MateuszGamrotGamer,5:00,Male,No,UD,3,Lightweight
63fec8324f24c86fe7463942,2,UFCONABC2VETTORIVSHOLLAND,FIGHTMateuszGamrotGamerScottHoltzmanHotSauceUFCONABC2VETTORIVSHOLLAND,MateuszGamrotGamer,ScottHoltzmanHot Sauce,1:22,Male,No,KO,3,Lightweight
63ff8ea986070c6cc02f8dd6,5,UFCFIGHTNIGHT156SHEVCHENKOVSCARMOUCHE2,FIGHTValentinaShevchenkoBulletLizCarmoucheGirl-RillaUFCFIGHTNIGHT156SHEVCHENKOVSCARMOUCHE2,ValentinaShevchenkoBullet,LizCarmoucheGirl-Rilla,5:00,Female,Yes,UD,5,WomensFlyweight
63ffa980f872ee4ba648f0b3,3,UFCFIGHTNIGHT180ORTEGAVSKOREANZOMBIE,FIGHTGuramKutateladzeGeorgianVikingMateuszGamrotGamerUFCFIGHTNIGHT180ORTEGAVSKOREANZOMBIE,GuramKutateladzeGeorgian Viking,MateuszGamrotGamer,5:00,Male,No,SD,3,Lightweight
63ffd824011ddb1840df2449,2,UFCFIGHTNIGHT199LEWISVSDAUKAUS,FIGHTMateuszGamrotGamerDiegoFerreiraUFCFIGHTNIGHT199LEWISVSDAUKAUS,MateuszGamrotGamer,DiegoFerreira,3:26,Male,No,TKO,3,Lightweight
63ffec39c60baf17bb122d04,5,UFC275TEIXEIRAVSPROCHAZKA,FIGHTValentinaShevchenkoBulletTailaSantosUFC275TEIXEIRAVSPROCHAZKA,ValentinaShevchenkoBullet,TailaSantos,5:00,Female,Yes,SD,5,WomensFlyweight
6400f625fa3a64227a736bb9,2,UFC271ADESANYAVSWHITTAKER2,FIGHTJaredCannonierTheKillaGorillaDerekBrunsonUFC271ADESANYAVSWHITTAKER2,JaredCannonierThe Killa Gorilla,DerekBrunson,4:29,Male,No,TKO,3,Middleweight
640180b8790ceaf71e256110,3,UFCFIGHTNIGHT173BRUNSONVSSHAHBAZYAN,FIGHTDerekBrunsonEdmenShahbazyanTheGoldenBoyUFCFIGHTNIGHT173BRUNSONVSSHAHBAZYAN,DerekBrunson,EdmenShahbazyanThe Golden Boy,0:26,Male,No,TKO,3,Middleweight
64024b4a8473da4b6bf56dd8,3,UFCFIGHTNIGHT151IAQUINTAVSCOWBOY,FIGHTDerekBrunsonEliasTheodorouTheSpartanUFCFIGHTNIGHT151IAQUINTAVSCOWBOY,DerekBrunson,EliasTheodorouThe Spartan,5:00,Male,No,UD,3,Middleweight
64029af6056b5f96648e75a6,3,UFCFIGHTNIGHT145BLACHOWICZVSSANTOS,FIGHTPetrYanNoMercyJohnDodsonTheMagicianUFCFIGHTNIGHT145BLACHOWICZVSSANTOS,PetrYanNo Mercy,JohnDodsonThe Magician,5:00,Male,No,UD,3,Bantamweight
6402aa563a63b533dd5e9768,3,UFC238CEJUDOVSMORAES,FIGHTPetrYanNoMercyJimmieRiveraElTerrorUFC238CEJUDOVSMORAES,PetrYanNo Mercy,JimmieRiveraEl Terror,5:00,Male,No,UD,3,Bantamweight
6402aaf5f813a53dfc5d26e9,3,UFC245USMANVSCOVINGTON,FIGHTPetrYanNoMercyUrijahFaberTheCaliforniaKidUFC245USMANVSCOVINGTON,PetrYanNo Mercy,UrijahFaberThe California Kid,0:43,Male,No,KO,3,Bantamweight
6402c91df2356f9029204656,3,UFC241CORMIERVSMIOCIC2,FIGHTDerekBrunsonIanHeinischTheHurricaneUFC241CORMIERVSMIOCIC2,DerekBrunson,IanHeinischThe Hurricane,5:00,Male,No,UD,3,Middleweight
6404f1f41864dc14a3f27325,2,UFC285JONESVSGANE,FIGHTDricusDuPlessisStillknocksDerekBrunsonUFC285JONESVSGANE,DricusDu PlessisStillknocks,DerekBrunson,4:59,Male,No,TKO,3,Middleweight
6404f400e42b5ddd6104e322,1,UFC285JONESVSGANE,FIGHTBoNickalJamiePickettTheNightwolfUFC285JONESVSGANE,BoNickal,JamiePickettThe Nightwolf,2:54,Male,No,SUB,3,Middleweight
6404f5805845f4abc4460040,3,UFC285JONESVSGANE,FIGHTMateuszGamrotGamerJalinTurnerTheTarantulaUFC285JONESVSGANE,MateuszGamrotGamer,JalinTurnerThe Tarantula,5:00,Male,No,SD,3,Lightweight
64051085400c033381ff0351,3,UFC285JONESVSGANE,FIGHTShavkatRakhmonovNomadGeoffNealHandzofSteelUFC285JONESVSGANE,ShavkatRakhmonovNomad,GeoffNealHandz of Steel,4:17,Male,No,SUB,3,Catchweight
640510b336373b9b511145bc,4,UFC285JONESVSGANE,FIGHTAlexaGrassoValentinaShevchenkoBulletUFC285JONESVSGANE,AlexaGrasso,ValentinaShevchenkoBullet,4:34,Female,Yes,SUB,5,WomensFlyweight
640510e79934d621b4299780,1,UFC285JONESVSGANE,FIGHTJonJonesBonesCirylGaneBonGaminUFC285JONESVSGANE,JonJonesBones,CirylGaneBon Gamin,2:04,Male,Yes,SUB,5,Heavyweight
64064a604910e2c0695bc710,5,UFC251USMANVSMASVIDAL,FIGHTPetrYanNoMercyJoseAldoJuniorUFC251USMANVSMASVIDAL,PetrYanNo Mercy,JoseAldoJunior,3:24,Male,Yes,TKO,5,Bantamweight
64067cfbdb5987fdede96595,2,UFC266VOLKANOVSKIVSORTEGA,FIGHTMerabDvalishviliTheMachineMarlonMoraesMagicUFC266VOLKANOVSKIVSORTEGA,MerabDvalishviliThe Machine,MarlonMoraesMagic,4:25,Male,No,TKO,3,Bantamweight
640694cde9396c2912875d60,5,UFC273VOLKANOVSKIVSKOREANZOMBIE,FIGHTAljamainSterlingFunkMasterPetrYanNoMercyUFC273VOLKANOVSKIVSKOREANZOMBIE,AljamainSterlingFunk Master,PetrYanNo Mercy,5:00,Male,Yes,SD,5,Bantamweight
6406ae82f055f86c07d5eea9,3,UFCONESPN23REYESVSPROCHAZKA,FIGHTMerabDvalishviliTheMachineCodyStamannTheSpartanUFCONESPN23REYESVSPROCHAZKA,MerabDvalishviliThe Machine,CodyStamannThe Spartan,5:00,Male,No,UD,3,Bantamweight
6408dbf26c0ddba6d74e533d,3,UFC268USMANVSCOVINGTON2,FIGHTJustinGaethjeTheHighlightMichaelChandlerIronUFC268USMANVSCOVINGTON2,JustinGaethjeThe Highlight,MichaelChandlerIron,5:00,Male,No,UD,3,Lightweight
640900f9da023ecf5e1d2741,3,UFCFIGHTNIGHT162MAIAVSASKREN,FIGHTRafaelFizievAtamanAlexWhiteTheSpartanUFCFIGHTNIGHT162MAIAVSASKREN,RafaelFizievAtaman,AlexWhiteThe Spartan,5:00,Male,No,UD,3,Lightweight
640902e1f87ea9d4e2719ba4,3,UFC280OLIVEIRAVSMAKHACHEV,"FIGHTSeanO'MalleySugarPetrYanNoMercyUFC280OLIVEIRAVSMAKHACHEV","SeanO'MalleySugar",PetrYanNo Mercy,5:00,Male,No,SD,3,Bantamweight
64093987f747607af54375ee,3,UFCFIGHTNIGHT172FIGUEIREDOVSBENAVIDEZ2,FIGHTRafaelFizievAtamanMarcDiakieseBonecrusherUFCFIGHTNIGHT172FIGUEIREDOVSBENAVIDEZ2,RafaelFizievAtaman,MarcDiakieseBonecrusher,5:00,Male,No,UD,3,Lightweight
64094443420619e501c85e37,3,UFC252MIOCICVSCORMIER3,FIGHTMerabDvalishviliTheMachineJohnDodsonTheMagicianUFC252MIOCICVSCORMIER3,MerabDvalishviliThe Machine,JohnDodsonThe Magician,5:00,Male,No,UD,3,Bantamweight
640a30f3b05dba08ab31963a,5,UFC249FERGUSONVSGAETHJE,FIGHTJustinGaethjeTheHighlightTonyFergusonElCucuyUFC249FERGUSONVSGAETHJE,JustinGaethjeThe Highlight,TonyFergusonEl Cucuy,3:39,Male,Yes,TKO,5,Lightweight
640a38ca9224cbd5d8584e1e,4,UFC259BLACHOWICZVSADESANYA,FIGHTAljamainSterlingFunkMasterPetrYanNoMercyUFC259BLACHOWICZVSADESANYA,AljamainSterlingFunk Master,PetrYanNo Mercy,4:29,Male,Yes,DQ,5,Bantamweight
640a3df4b62b6a8daa4b5ee9,3,UFC278USMANVSEDWARDS2,FIGHTMerabDvalishviliTheMachineJoseAldoJuniorUFC278USMANVSEDWARDS2,MerabDvalishviliThe Machine,JoseAldoJunior,5:00,Male,No,UD,3,Bantamweight
640a8a134d74a5894db6f840,3,UFCFIGHTNIGHT167ANDERSONVSBLACHOWICZ2,FIGHTMerabDvalishviliTheMachineCaseyKenneyUFCFIGHTNIGHT167ANDERSONVSBLACHOWICZ2,MerabDvalishviliThe Machine,CaseyKenney,5:00,Male,No,UD,3,Bantamweight
640a957f80626e2e1b62dc75,1,UFC256FIGUEIREDOVSMORENO,FIGHTRafaelFizievAtamanRenatoCarneiroMoicanoUFC256FIGUEIREDOVSMORENO,RafaelFizievAtaman,RenatoCarneiroMoicano,4:05,Male,No,KO,3,Lightweight
640aa13bd83d8df1f32f846a,3,UFCONESPN10EYEVSCALVILLO,FIGHTMerabDvalishviliTheMachineGustavoLopezUFCONESPN10EYEVSCALVILLO,MerabDvalishviliThe Machine,GustavoLopez,5:00,Male,No,UD,3,Catchweight
640aa7a347161eba7f2813ae,5,UFC267BLACHOWICZVSTEIXEIRA,FIGHTPetrYanNoMercyCorySandhagenSandmanUFC267BLACHOWICZVSTEIXEIRA,PetrYanNo Mercy,CorySandhagenSandman,5:00,Male,Yes,UD,5,Bantamweight
640bc966cf763042bd53652f,1,UFCFIGHTNIGHT149OVEREEMVSOLEINIK,FIGHTMagomedMustafaevRafaelFizievAtamanUFCFIGHTNIGHT149OVEREEMVSOLEINIK,MagomedMustafaev,RafaelFizievAtaman,1:26,Male,No,TKO,3,Lightweight
640bdd0ed95fd5e0c59bb11f,1,UFCONESPN10EYEVSCALVILLO,FIGHTMarvinVettoriTheItalianDreamKarlRobersonBabyKUFCONESPN10EYEVSCALVILLO,MarvinVettoriThe Italian Dream,KarlRobersonBaby K,4:17,Male,No,SUB,3,Catchweight
640cd6416976979c84e0efad,5,UFC263ADESANYAVSVETTORI2,FIGHTIsraelAdesanyaTheLastStylebenderMarvinVettoriTheItalianDreamUFC263ADESANYAVSVETTORI2,IsraelAdesanyaThe Last Stylebender,MarvinVettoriThe Italian Dream,5:00,Male,Yes,UD,5,Middleweight
640cf8b30f37b9f449cda3c1,3,UFCFIGHTNIGHT209GANEVSTUIVASA,FIGHTRobertWhittakerTheReaperMarvinVettoriTheItalianDreamUFCFIGHTNIGHT209GANEVSTUIVASA,RobertWhittakerThe Reaper,MarvinVettoriThe Italian Dream,5:00,Male,No,UD,3,Middleweight
640de0e3737550c7ea0d79c9,5,UFCFIGHTNIGHT221YANVSDVALISHVILI,FIGHTMerabDvalishviliTheMachinePetrYanNoMercyUFCFIGHTNIGHT221YANVSDVALISHVILI,MerabDvalishviliThe Machine,PetrYanNo Mercy,5:00,Male,No,UD,5,Bantamweight
640de12da93f6e44f9433aec,1,UFCFIGHTNIGHT221YANVSDVALISHVILI,FIGHTNikitaKrylovTheMinerRyanSpannSupermanUFCFIGHTNIGHT221YANVSDVALISHVILI,NikitaKrylovThe Miner,RyanSpannSuperman,3:38,Male,No,SUB,3,Catchweight
640f75e167778867a5dbe74b,3,UFCONESPN28HALLVSSTRICKLAND,FIGHTJasonWittTheVanillaGorillaBryanBarberenaBamBamUFCONESPN28HALLVSSTRICKLAND,JasonWittThe Vanilla Gorilla,BryanBarberenaBam Bam,5:00,Male,No,Maj Dec,3,Welterweight
640f81041b576408c78684cf,3,UFCONESPN31FONTVSALDO,FIGHTBryanBarberenaBamBamDarianWeeksUFCONESPN31FONTVSALDO,BryanBarberenaBam Bam,DarianWeeks,5:00,Male,No,UD,3,Welterweight
640f9fb9b84a04b7fa10a948,3,UFCONESPN31FONTVSALDO,FIGHTRafaelFizievAtamanBradRiddellQuakeUFCONESPN31FONTVSALDO,RafaelFizievAtaman,BradRiddellQuake,2:20,Male,No,KO,3,Lightweight
640fd56fa87633a0fb503ec7,2,UFC276ADESANYAVSCANNONIER,FIGHTBryanBarberenaBamBamRobbieLawlerRuthlessUFC276ADESANYAVSCANNONIER,BryanBarberenaBam Bam,RobbieLawlerRuthless,4:47,Male,No,TKO,3,Welterweight
6410d896ec2f998ce4d1bd89,2,UFCONESPN42THOMPSONVSHOLLAND,FIGHTRafaelDosAnjosBryanBarberenaBamBamUFCONESPN42THOMPSONVSHOLLAND,RafaelDos Anjos,BryanBarberenaBam Bam,3:20,Male,No,SUB,3,Welterweight
6410eb0c792afdcb196112d8,3,UFC265LEWISVSGANE,FIGHTRafaelFizievAtamanBobbyGreenKingUFC265LEWISVSGANE,RafaelFizievAtaman,BobbyGreenKing,5:00,Male,No,UD,3,Lightweight
64111a2f681fdf0ab011c825,5,UFCFIGHTNIGHT196COSTAVSVETTORI,FIGHTMarvinVettoriTheItalianDreamPauloCostaBorrachinhaUFCFIGHTNIGHT196COSTAVSVETTORI,MarvinVettoriThe Italian Dream,PauloCostaBorrachinha,5:00,Male,No,UD,5,LightHeavyweight
6411e9de9f37a1c9f3f07da2,1,UFCFIGHTNIGHT172FIGUEIREDOVSBENAVIDEZ2,FIGHTRomanDolidzeTheCaucasianKhadisIbragimovUFCFIGHTNIGHT172FIGUEIREDOVSBENAVIDEZ2,RomanDolidzeThe Caucasian,KhadisIbragimov,4:15,Male,No,TKO,3,LightHeavyweight
6411f139291c27db29be9901,3,UFCONESPN19HERMANSSONVSVETTORI,FIGHTRomanDolidzeTheCaucasianJohnAllanTheHunterUFCONESPN19HERMANSSONVSVETTORI,RomanDolidzeThe Caucasian,JohnAllanThe Hunter,5:00,Male,No,SD,3,LightHeavyweight
64122ba3b9351b44d9504b8a,3,UFCONESPN25KOREANZOMBIEVSIGE,"FIGHTCaseyO'NeillKingLaraProcopioUFCONESPN25KOREANZOMBIEVSIGE","CaseyO'NeillKing",LaraProcopio,2:54,Female,No,SUB,3,WomensFlyweight
641237e8f7082746f4e2b793,2,UFCFIGHTNIGHT193SANTOSVSWALKER,"FIGHTCaseyO'NeillKingAntoninaShevchenkoLaPanteraUFCFIGHTNIGHT193SANTOSVSWALKER","CaseyO'NeillKing",AntoninaShevchenkoLa Pantera,4:47,Female,No,TKO,3,WomensFlyweight
64124dac46717047a4ff7d92,3,UFC271ADESANYAVSWHITTAKER2,"FIGHTCaseyO'NeillKingRoxanneModafferiTheHappyWarriorUFC271ADESANYAVSWHITTAKER2","CaseyO'NeillKing",RoxanneModafferiThe Happy Warrior,5:00,Female,No,SD,3,WomensFlyweight
64126b4fba119abe4b062830,2,UFCFIGHTNIGHT185BLAYDESVSLEWIS,"FIGHTCaseyO'NeillKingShanaDobsonDangerUFCFIGHTNIGHT185BLAYDESVSLEWIS","CaseyO'NeillKing",ShanaDobsonDanger,3:41,Female,No,TKO,3,WomensFlyweight
64135975e624a5e712b4383a,1,UFCONESPN37KATTARVSEMMETT,"FIGHTRomanDolidzeTheCaucasianKyleDaukausTheD'ArceKnightUFCONESPN37KATTARVSEMMETT",RomanDolidzeThe Caucasian,"KyleDaukausThe D'Arce Knight",1:13,Male,No,TKO,3,LightHeavyweight
64149c81e61d2d2296041233,3,UFCFIGHTNIGHT204VOLKOVVSASPINALL,FIGHTGunnarNelsonGunniTakashiSatoTenUFCFIGHTNIGHT204VOLKOVVSASPINALL,GunnarNelsonGunni,TakashiSatoTen,5:00,Male,No,UD,3,Welterweight
6414bf44874ce3647078b8a9,5,UFCONESPN39DOSANJOSVSFIZIEV,FIGHTRafaelFizievAtamanRafaelDosAnjosUFCONESPN39DOSANJOSVSFIZIEV,RafaelFizievAtaman,RafaelDos Anjos,0:18,Male,No,KO,5,Lightweight
6414ed42b66ca0bbfb473333,3,UFCONESPN21BRUNSONVSHOLLAND,FIGHTTrevinGilesTheProblemRomanDolidzeTheCaucasianUFCONESPN21BRUNSONVSHOLLAND,TrevinGilesThe Problem,RomanDolidzeThe Caucasian,5:00,Male,No,UD,3,Middleweight
6414f77c915001f309d64d48,1,UFCFIGHTNIGHT213KATTARVSALLEN,FIGHTRomanDolidzeTheCaucasianPhilHawesNoHypeUFCFIGHTNIGHT213KATTARVSALLEN,RomanDolidzeThe Caucasian,PhilHawesNo Hype,4:09,Male,No,KO,3,Middleweight
6414fb297f24d8ed1b598864,2,UFCONESPN42THOMPSONVSHOLLAND,FIGHTRomanDolidzeTheCaucasianJackHermanssonTheJokerUFCONESPN42THOMPSONVSHOLLAND,RomanDolidzeThe Caucasian,JackHermanssonThe Joker,4:06,Male,No,TKO,3,Middleweight
641536568e018a944a7828ab,4,UFCONESPN41VERAVSCRUZ,FIGHTMarlonVeraChitoDominickCruzTheDominatorUFCONESPN41VERAVSCRUZ,MarlonVeraChito,DominickCruzThe Dominator,2:17,Male,No,KO,5,Bantamweight
64165d370002d6015c114088,5,UFC286EDWARDSVSUSMAN3,FIGHTLeonEdwardsRockyKamaruUsmanTheNigerianNightmareUFC286EDWARDSVSUSMAN3,LeonEdwardsRocky,KamaruUsmanThe Nigerian Nightmare,5:00,Male,Yes,Maj Dec,5,Welterweight
64174c9f374e1a0dc64ff6f1,1,UFC286EDWARDSVSUSMAN3,FIGHTGunnarNelsonGunniBryanBarberenaBamBamUFC286EDWARDSVSUSMAN3,GunnarNelsonGunni,BryanBarberenaBam Bam,4:51,Male,No,SUB,3,Welterweight
641751513d0168b1acc4ec8b,3,UFC286EDWARDSVSUSMAN3,FIGHTJustinGaethjeTheHighlightRafaelFizievAtamanUFC286EDWARDSVSUSMAN3,JustinGaethjeThe Highlight,RafaelFizievAtaman,5:00,Male,No,Maj Dec,3,Lightweight
6418ff67523a644162db07f7,5,UFCONESPN35FONTVSVERA,FIGHTMarlonVeraChitoRobFontUFCONESPN35FONTVSVERA,MarlonVeraChito,RobFont,5:00,Male,No,UD,5,Catchweight
641a11143123903df71a2d62,1,UFC276ADESANYAVSCANNONIER,FIGHTAlexPereiraPoatanSeanStricklandUFC276ADESANYAVSCANNONIER,AlexPereiraPoatan,SeanStrickland,2:36,Male,No,KO,3,Middleweight
641b3880f6586cbcb15ffeda,1,UFC239JONESVSSANTOS,FIGHTJorgeMasvidalGamebredBenAskrenFunkyUFC239JONESVSSANTOS,JorgeMasvidalGamebred,BenAskrenFunky,0:05,Male,No,KO,3,Welterweight
641b656b67316f1eddb8927e,3,UFCONESPN8OVEREEMVSHARRIS,FIGHTYadongSongKungFuKidMarlonVeraChitoUFCONESPN8OVEREEMVSHARRIS,YadongSongKung Fu Kid,MarlonVeraChito,5:00,Male,No,UD,3,Featherweight
641b84625914c1ad25343f23,3,UFCFIGHTNIGHT183THOMPSONVSNEAL,FIGHTJoseAldoJuniorMarlonVeraChitoUFCFIGHTNIGHT183THOMPSONVSNEAL,JoseAldoJunior,MarlonVeraChito,5:00,Male,No,UD,3,Bantamweight
641b9d09302634f5c2b34fe3,3,UFCONESPN25KOREANZOMBIEVSIGE,FIGHTMarlonVeraChitoDaveyGrantDangerousUFCONESPN25KOREANZOMBIEVSIGE,MarlonVeraChito,DaveyGrantDangerous,5:00,Male,No,UD,3,Bantamweight
641bb1582a779c823e4dd1a8,3,UFC268USMANVSCOVINGTON2,FIGHTMarlonVeraChitoFrankieEdgarTheAnswerUFC268USMANVSCOVINGTON2,MarlonVeraChito,FrankieEdgarThe Answer,3:50,Male,No,KO,3,Bantamweight
641c9d46f019fdb62b80c9e2,1,UFC250NUNESVSSPENCER,FIGHTAljamainSterlingFunkMasterCorySandhagenSandmanUFC250NUNESVSSPENCER,AljamainSterlingFunk Master,CorySandhagenSandman,1:28,Male,No,SUB,3,Bantamweight
641ca884da031e3778bac7e8,2,UFCFIGHTNIGHT179MORAESVSSANDHAGEN,FIGHTCorySandhagenSandmanMarlonMoraesMagicUFCFIGHTNIGHT179MORAESVSSANDHAGEN,CorySandhagenSandman,MarlonMoraesMagic,1:03,Male,No,TKO,5,Bantamweight
641cac07492a10450ff2b85e,1,UFCFIGHTNIGHT184OVEREEMVSVOLKOV,FIGHTCorySandhagenSandmanFrankieEdgarTheAnswerUFCFIGHTNIGHT184OVEREEMVSVOLKOV,CorySandhagenSandman,FrankieEdgarThe Answer,0:28,Male,No,KO,3,Bantamweight
642619ec2f0615adb8875624,1,UFCFIGHTNIGHT181HALLVSSILVA,FIGHTAdrianYanezVictorRodriguezViciousUFCFIGHTNIGHT181HALLVSSILVA,AdrianYanez,VictorRodriguezVicious,2:46,Male,No,KO,3,Bantamweight
64261d404555f3812df769fb,3,UFC234ADESANYAVSSILVA,FIGHTIsraelAdesanyaTheLastStylebenderAndersonSilvaTheSpiderUFC234ADESANYAVSSILVA,IsraelAdesanyaThe Last Stylebender,AndersonSilvaThe Spider,5:00,Male,No,UD,3,Middleweight
64287533a254db3cb4e3807b,2,UFC243WHITTAKERVSADESANYA,FIGHTIsraelAdesanyaTheLastStylebenderRobertWhittakerTheReaperUFC243WHITTAKERVSADESANYA,IsraelAdesanyaThe Last Stylebender,RobertWhittakerThe Reaper,3:33,Male,Yes,KO,5,Middleweight
64287f47bc09624966fd1665,5,UFC271ADESANYAVSWHITTAKER2,FIGHTIsraelAdesanyaTheLastStylebenderRobertWhittakerTheReaperUFC271ADESANYAVSWHITTAKER2,IsraelAdesanyaThe Last Stylebender,RobertWhittakerThe Reaper,5:00,Male,Yes,UD,5,Middleweight
642898973e5743785cc4adce,1,UFC283TEIXEIRAVSHILL,FIGHTGilbertBurnsDurinhoNeilMagnyTheHaitianSensationUFC283TEIXEIRAVSHILL,GilbertBurnsDurinho,NeilMagnyThe Haitian Sensation,4:15,Male,No,SUB,3,Welterweight
6429ccde237227c7fc56ef8b,5,UFC281ADESANYAVSPEREIRA,FIGHTAlexPereiraPoatanIsraelAdesanyaTheLastStylebenderUFC281ADESANYAVSPEREIRA,AlexPereiraPoatan,IsraelAdesanyaThe Last Stylebender,2:01,Male,Yes,TKO,5,Middleweight
6429e18f585e8525da7d9978,2,UFCONESPN27SANDHAGENVSDILLASHAW,FIGHTAdrianYanezRandyCostaTheZohanUFCONESPN27SANDHAGENVSDILLASHAW,AdrianYanez,RandyCostaThe Zohan,2:11,Male,No,TKO,3,Bantamweight
642b1663227595d8e84c5aab,1,UFCONESPN37KATTARVSEMMETT,FIGHTAdrianYanezTonyKelleyPrimeTimeUFCONESPN37KATTARVSEMMETT,AdrianYanez,TonyKelleyPrimeTime,3:49,Male,No,TKO,3,Catchweight
642b1e063f1ce62624197d35,5,UFC248ADESANYAVSROMERO,FIGHTIsraelAdesanyaTheLastStylebenderYoelRomeroSoldierofGodUFC248ADESANYAVSROMERO,IsraelAdesanyaThe Last Stylebender,YoelRomeroSoldier of God,5:00,Male,Yes,UD,5,Middleweight
642b53dd0d245d70d37c3185,3,UFCFIGHTNIGHT174LEWISVSOLEYNIK,FIGHTKevinHollandTrailblazerJoaquinBuckleyNewMansaUFCFIGHTNIGHT174LEWISVSOLEYNIK,Kevin HollandTrailblazer,JoaquinBuckleyNew Mansa,0:43,Male,No,TKO,3,Middleweight
642b62ea931c33d700a59f8d,2,UFC253ADESANYAVSCOSTA,FIGHTIsraelAdesanyaTheLastStylebenderPauloCostaBorrachinhaUFC253ADESANYAVSCOSTA,IsraelAdesanyaThe Last Stylebender,PauloCostaBorrachinha,3:59,Male,Yes,TKO,5,Middleweight
642b7fbda60c23afcb04cb30,2,UFCONESPN6REYESVSWEIDMAN,FIGHTBrendanAllenAllInKevinHollandTrailblazerUFCONESPN6REYESVSWEIDMAN,BrendanAllenAll In,Kevin HollandTrailblazer,3:38,Male,No,SUB,3,Middleweight
642c8755172d8ddb41cacb7a,3,UFCFIGHTNIGHT203SANTOSVSANKALAEV,FIGHTAlexPereiraPoatanBrunoSilvaBulldogUFCFIGHTNIGHT203SANTOSVSANKALAEV,AlexPereiraPoatan,BrunoSilvaBulldog,5:00,Male,No,UD,3,Middleweight
642c9daf6956dbb61e487816,1,UFCFIGHTNIGHT181HALLVSSILVA,FIGHTKevinHollandTrailblazerCharlieOntiverosTheAmericanBadBoyUFCFIGHTNIGHT181HALLVSSILVA,Kevin HollandTrailblazer,CharlieOntiverosThe American Bad Boy,2:39,Male,No,TKO,3,Middleweight
642ca0d8bc3e223e46fc8f44,5,UFC236HOLLOWAYVSPOIRIER,FIGHTIsraelAdesanyaTheLastStylebenderKelvinGastelumUFC236HOLLOWAYVSPOIRIER,IsraelAdesanyaThe Last Stylebender,KelvinGastelum,5:00,Male,Yes,UD,5,Middleweight
642cadb384797e6d41785d6a,1,UFC256FIGUEIREDOVSMORENO,FIGHTKevinHollandTrailblazerRonaldoSouzaJacareUFC256FIGUEIREDOVSMORENO,Kevin HollandTrailblazer,RonaldoSouzaJacare,1:45,Male,No,KO,3,Middleweight
642cbb3d13135f3291e27d52,3,UFCONESPN21BRUNSONVSHOLLAND,FIGHTAdrianYanezGustavoLopezUFCONESPN21BRUNSONVSHOLLAND,AdrianYanez,GustavoLopez,0:27,Male,No,KO,3,Bantamweight
642cb9fe63106abffaee5916,2,UFC268USMANVSCOVINGTON2,FIGHTAlexPereiraPoatanAndreasMichailidisSpartanUFC268USMANVSCOVINGTON2,AlexPereiraPoatan,AndreasMichailidisSpartan,0:18,Male,No,TKO,3,Middleweight
642db8234d4e3a08a46a4882,1,UFCFIGHTNIGHT183THOMPSONVSNEAL,FIGHTRobFontMarlonMoraesMagicUFCFIGHTNIGHT183THOMPSONVSNEAL,RobFont,MarlonMoraesMagic,3:47,Male,No,TKO,3,Bantamweight
642f04a22377746fc73d7b03,2,UFC272COVINGTONVSMASVIDAL,FIGHTKevinHollandTrailblazerAlexOliveiraCowboyUFC272COVINGTONVSMASVIDAL,Kevin HollandTrailblazer,AlexOliveiraCowboy,0:38,Male,No,TKO,3,Welterweight
642f0f83067ee0ec17890daf,5,UFC276ADESANYAVSCANNONIER,FIGHTIsraelAdesanyaTheLastStylebenderJaredCannonierTheKillaGorillaUFC276ADESANYAVSCANNONIER,IsraelAdesanyaThe Last Stylebender,JaredCannonierThe Killa Gorilla,5:00,Male,Yes,UD,5,Middleweight
642f02d74214a83fbfb87f8b,1,UFCONABC1HOLLOWAYVSKATTAR,FIGHTLiJingliangTheLeechSantiagoPonzinibbioArgentineDaggerUFCONABC1HOLLOWAYVSKATTAR,LiJingliangThe Leech,SantiagoPonzinibbioArgentine Dagger,4:25,Male,No,KO,3,Welterweight
642f2520af1d5edef1531961,2,UFCONESPN37KATTARVSEMMETT,FIGHTKevinHollandTrailblazerTimMeansTheDirtyBirdUFCONESPN37KATTARVSEMMETT,Kevin HollandTrailblazer,TimMeansThe Dirty Bird,1:28,Male,No,SUB,3,Welterweight
642f3b1cba51e7777a9c1f67,3,UFCFIGHTNIGHT198VIERAVSTATE,FIGHTAdrianYanezDaveyGrantDangerousUFCFIGHTNIGHT198VIERAVSTATE,AdrianYanez,DaveyGrantDangerous,5:00,Male,No,SD,3,Bantamweight
642f60376127ab6c4cec48e8,4,UFCONESPN42THOMPSONVSHOLLAND,FIGHTStephenThompsonWonderboyKevinHollandTrailblazerUFCONESPN42THOMPSONVSHOLLAND,StephenThompsonWonderboy,Kevin HollandTrailblazer,5:00,Male,No,TKO,5,Welterweight
643052b82e04f688338f3a48,3,UFC244MASVIDALVSDIAZ,FIGHTJorgeMasvidalGamebredNateDiazUFC244MASVIDALVSDIAZ,JorgeMasvidalGamebred,NateDiaz,5:00,Male,No,Doctor Stoppage,5,Welterweight
643058e25a0f363b94db8c43,3,UFCONESPN7OVEREEMVSROZENSTRUIK,FIGHTRobFontRickySimonUFCONESPN7OVEREEMVSROZENSTRUIK,RobFont,RickySimon,5:00,Male,No,UD,3,Bantamweight
643304d2df574f1c5a0aac10,2,UFC287PEREIRAVSADESANYA2,FIGHTIsraelAdesanyaTheLastStylebenderAlexPereiraPoatanUFC287PEREIRAVSADESANYA2,IsraelAdesanyaThe Last Stylebender,AlexPereiraPoatan,4:21,Male,Yes,KO,5,Middleweight
64384d2b8c1f9fb568e35ae8,1,UFCFIGHTNIGHT204VOLKOVVSASPINALL,FIGHTArnoldAllenAlmightyDanHookerTheHangmanUFCFIGHTNIGHT204VOLKOVVSASPINALL,ArnoldAllenAlmighty,DanHookerThe Hangman,1,Male,No,TKO,3,Featherweight
643999197235e707a08e470e,3,UFCONABC2VETTORIVSHOLLAND,FIGHTArnoldAllenAlmightySodiqYusuffSuperUFCONABC2VETTORIVSHOLLAND,ArnoldAllenAlmighty,SodiqYusuffSuper,5:00,Male,No,UD,3,Featherweight
643a10edb168dc642d9b8510,2,UFCFIGHTNIGHT213KATTARVSALLEN,FIGHTArnoldAllenAlmightyCalvinKattarTheBostonFinisherUFCFIGHTNIGHT213KATTARVSALLEN,ArnoldAllenAlmighty,CalvinKattarThe Boston Finisher,0:08,Male,No,TKO,5,Featherweight
643b179d0f3c6fcd42be1502,3,UFCFIGHTNIGHT166BLAYDESVSDOSSANTOS,FIGHTArnoldAllenAlmightyNikLentzTheCarnyUFCFIGHTNIGHT166BLAYDESVSDOSSANTOS,ArnoldAllenAlmighty,NikLentzThe Carny,5:00,Male,No,UD,3,Featherweight
643dabe99c7f901378c6e934,5,UFCONESPN44HOLLOWAYVSALLEN,FIGHTMaxHollowayBlessedArnoldAllenAlmightyUFCONESPN44HOLLOWAYVSALLEN,MaxHollowayBlessed,ArnoldAllenAlmighty,5:00,Male,No,UD,5,Featherweight
643dcf0ba9101868c47af56f,2,UFC242KHABIBVSPOIRIER,FIGHTCurtisBlaydesRazorShamilAbdurakhimovAbrekUFC242KHABIBVSPOIRIER,CurtisBlaydesRazor,ShamilAbdurakhimovAbrek,2:22,Male,No,TKO,3,Heavyweight
643e0783444b079a9de37a5a,2,UFCFIGHTNIGHT166BLAYDESVSDOSSANTOS,FIGHTCurtisBlaydesRazorJuniorDosSantosCiganoUFCFIGHTNIGHT166BLAYDESVSDOSSANTOS,CurtisBlaydesRazor,JuniorDos SantosCigano,1:06,Male,No,TKO,5,Heavyweight
643ee9a8ac5661e937f6f3ea,2,UFCONESPN33BLAYDESVSDAUKAUS,FIGHTCurtisBlaydesRazorChrisDaukausUFCONESPN33BLAYDESVSDAUKAUS,CurtisBlaydesRazor,ChrisDaukaus,0:17,Male,No,TKO,5,Heavyweight
643f1961950c04679e2ce6ab,5,UFCONESPN11BLAYDESVSVOLKOV,FIGHTCurtisBlaydesRazorAlexanderVolkovDragoUFCONESPN11BLAYDESVSVOLKOV,CurtisBlaydesRazor,AlexanderVolkovDrago,5:00,Male,No,UD,5,Heavyweight
643f369b7f6eba154ac474d0,5,UFCFIGHTNIGHT211DERNVSYAN,FIGHTXiaonanYanFuryMackenzieDernUFCFIGHTNIGHT211DERNVSYAN,XiaonanYanFury,MackenzieDern,5:00,Female,No,Maj Dec,5,WomensStrawweight
643f4e3c72600115dcef969b,1,UFCFIGHTNIGHT208BLAYDESVSASPINALL,FIGHTCurtisBlaydesRazorTomAspinallUFCFIGHTNIGHT208BLAYDESVSASPINALL,CurtisBlaydesRazor,TomAspinall,0:15,Male,No,TKO,5,Heavyweight
643f54da42312faa0673692d,3,UFC266VOLKANOVSKIVSORTEGA,FIGHTCurtisBlaydesRazorJairzinhoRozenstruikBigiBoyUFC266VOLKANOVSKIVSORTEGA,CurtisBlaydesRazor,JairzinhoRozenstruikBigi Boy,5:00,Male,No,UD,3,Heavyweight
6441b79d732c4022be5db33f,2,UFCONESPN20CHIESAVSMAGNY,FIGHTRickySimonGaetanoPirrelloElTigreUFCONESPN20CHIESAVSMAGNY,RickySimon,GaetanoPirrelloEl Tigre,4:00,Male,No,SUB,3,Bantamweight
6441c0475f490c95e6db79c2,1,UFCFIGHTNIGHT155DERANDAMIEVSLADD,FIGHTUrijahFaberTheCaliforniaKidRickySimonUFCFIGHTNIGHT155DERANDAMIEVSLADD,UrijahFaberThe California Kid,RickySimon,0:46,Male,No,TKO,3,Bantamweight
6442e9846c578f3db3b89268,3,UFC258USMANVSBURNS,FIGHTRickySimonBrianKelleherBoomUFC258USMANVSBURNS,RickySimon,BrianKelleherBoom,5:00,Male,No,UD,3,Featherweight
6442f36eb167c5f14c0c2d2a,2,UFCFIGHTNIGHT199LEWISVSDAUKAUS,FIGHTRickySimonRaphaelAssuncaoUFCFIGHTNIGHT199LEWISVSDAUKAUS,RickySimon,RaphaelAssuncao,2:14,Male,No,KO,3,Bantamweight
6442f7051c5838c4019f1270,1,UFCFIGHTNIGHT141BLAYDESVSNGANNOU2,FIGHTAlistairOvereemTheDemolitionManSergeiPavlovichUFCFIGHTNIGHT141BLAYDESVSNGANNOU2,AlistairOvereemThe Demolition Man,SergeiPavlovich,4:21,Male,No,TKO,3,Heavyweight
6444014a386ba4625f6d0667,2,UFCONABC3ORTEGAVSRODRIGUEZ,FIGHTRickySimonJackShoreTankUFCONABC3ORTEGAVSRODRIGUEZ,RickySimon,JackShoreTank,3:28,Male,No,SUB,3,Bantamweight
6445756cc44a9453c9d6874c,1,UFCFIGHTNIGHT222PAVLOVICHVSBLAYDES,FIGHTBobbyGreenKingJaredGordonFlashUFCFIGHTNIGHT222PAVLOVICHVSBLAYDES,BobbyGreenKing,JaredGordonFlash,4:35,Male,No,No Contest,3,Lightweight
6445788d2d6fa3f7f58e8da0,1,UFCFIGHTNIGHT222PAVLOVICHVSBLAYDES,FIGHTBrunoSilvaBulldogBradTavaresUFCFIGHTNIGHT222PAVLOVICHVSBLAYDES,BrunoSilvaBulldog,BradTavares,3:35,Male,No,TKO,3,Middleweight
64457accbc1383e8dfe8aa48,1,UFCFIGHTNIGHT222PAVLOVICHVSBLAYDES,FIGHTSergeiPavlovichCurtisBlaydesRazorUFCFIGHTNIGHT222PAVLOVICHVSBLAYDES,SergeiPavlovich,CurtisBlaydesRazor,3:08,Male,No,TKO,5,Heavyweight
6446d9209777218aca64da9d,1,UFC239JONESVSSANTOS,FIGHTYadongSongKungFuKidAlejandroPerezTurboUFC239JONESVSSANTOS,YadongSongKung Fu Kid,AlejandroPerezTurbo,2:04,Male,No,KO,3,Bantamweight
644834338c60e349596eab8b,1,UFCFIGHTNIGHT203SANTOSVSANKALAEV,FIGHTYadongSongKungFuKidMarlonMoraesMagicUFCFIGHTNIGHT203SANTOSVSANKALAEV,YadongSongKung Fu Kid,MarlonMoraesMagic,2:06,Male,No,KO,3,Bantamweight
644836b95d6db130c4d21d30,3,UFC265LEWISVSGANE,FIGHTYadongSongKungFuKidCaseyKenneyUFC265LEWISVSGANE,YadongSongKung Fu Kid,CaseyKenney,5:00,Male,No,SD,3,Bantamweight
644c16685e78eeb1306feb61,1,UFCFIGHTNIGHT143CEJUDOVSDILLASHAW,FIGHTHenryCejudoTripleCTJDillashawLieutenantDanUFCFIGHTNIGHT143CEJUDOVSDILLASHAW,HenryCejudoTriple C,TJDillashawLieutenant Dan,0:32,Male,Yes,TKO,5,Flyweight
644ea7a32a255ef35d5b2921,3,UFC238CEJUDOVSMORAES,FIGHTHenryCejudoTripleCMarlonMoraesMagicUFC238CEJUDOVSMORAES,HenryCejudoTriple C,MarlonMoraesMagic,4:51,Male,Yes,TKO,5,Bantamweight
644eafed421039369f72220b,2,UFC249FERGUSONVSGAETHJE,FIGHTHenryCejudoTripleCDominickCruzTheDominatorUFC249FERGUSONVSGAETHJE,HenryCejudoTriple C,DominickCruzThe Dominator,4:58,Male,Yes,TKO,5,Bantamweight
645092d1f132bea17a8394e2,2,UFC280OLIVEIRAVSMAKHACHEV,FIGHTAljamainSterlingFunkMasterTJDillashawLieutenantDanUFC280OLIVEIRAVSMAKHACHEV,AljamainSterlingFunk Master,TJDillashawLieutenant Dan,3:44,Male,Yes,TKO,5,Bantamweight
645180c96b3039afa41c45f2,3,UFC264POIRIERVSMCGREGOR3,FIGHTGilbertBurnsDurinhoStephenThompsonWonderboyUFC264POIRIERVSMCGREGOR3,GilbertBurnsDurinho,StephenThompsonWonderboy,5:00,Male,No,UD,3,Welterweight
6451bb583061dcf7537b1efb,3,UFC287PEREIRAVSADESANYA2,FIGHTGilbertBurnsDurinhoJorgeMasvidalGamebredUFC287PEREIRAVSADESANYA2,GilbertBurnsDurinho,JorgeMasvidalGamebred,5:00,Male,No,UD,3,Welterweight
64553fd75f2c6a4919762971,3,UFC277PENAVSNUNES2,FIGHTDrewDoberRafaelAlvesTheTurnUFC277PENAVSNUNES2,DrewDober,RafaelAlvesThe Turn,1:30,Male,No,KO,3,Lightweight
64554c4f8c0b1bbb914213ea,1,UFC281ADESANYAVSPEREIRA,FIGHTMattFrevolaTheSteamrollaOttmanAzaitarBulldozerUFC281ADESANYAVSPEREIRA,MattFrevolaThe Steamrolla,OttmanAzaitarBulldozer,2:30,Male,No,KO,3,Lightweight
64554e5a966adb0f10774f9d,1,UFC270NGANNOUVSGANE,FIGHTMattFrevolaTheSteamrollaGenaroValdezRayaditoUFC270NGANNOUVSGANE,MattFrevolaThe Steamrolla,GenaroValdezRayadito,3:15,Male,No,TKO,3,Lightweight
64558e6cfe3bcf17c524d64d,3,UFC263ADESANYAVSVETTORI2,FIGHTBradRiddellQuakeDrewDoberUFC263ADESANYAVSVETTORI2,BradRiddellQuake,DrewDober,5:00,Male,No,UD,3,Lightweight
6455bcb4224503c3949000a9,2,UFCFIGHTNIGHT216CANNONIERVSSTRICKLAND,FIGHTDrewDoberBobbyGreenKingUFCFIGHTNIGHT216CANNONIERVSSTRICKLAND,DrewDober,BobbyGreenKing,2:45,Male,No,KO,3,Lightweight
6456940b6b5165deccaa87d9,1,UFC283TEIXEIRAVSHILL,FIGHTJohnnyWalkerPaulCraigBearjewUFC283TEIXEIRAVSHILL,JohnnyWalker,PaulCraigBearjew,2:16,Male,No,TKO,3,LightHeavyweight
6456985ed80db76e8634a157,1,UFC279DIAZVSFERGUSON,FIGHTJailtonAlmeidaMalhadinhoAntonTurkaljThePleasureManUFC279DIAZVSFERGUSON,JailtonAlmeidaMalhadinho,AntonTurkaljThe Pleasure Man,4:27,Male,No,SUB,3,Catchweight
64569e32a8464df66f4ade3c,2,UFC283TEIXEIRAVSHILL,FIGHTJailtonAlmeidaMalhadinhoShamilAbdurakhimovAbrekUFC283TEIXEIRAVSHILL,JailtonAlmeidaMalhadinho,ShamilAbdurakhimovAbrek,2:56,Male,No,TKO,3,Heavyweight
6457e6d68e30bda98b40b820,5,UFC288STERLINGVSCEJUDO,FIGHTAljamainSterlingFunkMasterHenryCejudoTripleCUFC288STERLINGVSCEJUDO,AljamainSterlingFunk Master,HenryCejudoTriple C,5:00,Male,Yes,SD,5,Bantamweight
64596dd4743c2e40c306ce18,1,UFCFIGHTNIGHT200HERMANSSONVSSTRICKLAND,FIGHTJailtonAlmeidaMalhadinhoDaniloMarquesUFCFIGHTNIGHT220HERMANSSONVSSTRICKLAND,JailtonAlmeidaMalhadinho,DaniloMarques,2:57,Male,No,TKO,3,LightHeavyweight
645981320c6b4b7a569e5910,1,UFCFIGHTNIGHT189ROZENSTRUIKVSSAKAI,FIGHTJairzinhoRozenstruikBigiBoyAugustoSakaiUFCFIGHTNIGHT189ROZENSTRUIKVSSAKAI,JairzinhoRozenstruikBigi Boy,AugustoSakai,4:59,Male,No,TKO,5,Heavyweight
64598f135230bc6aeea23f72,1,UFCFIGHTNIGHT207VOLKOVVSROZENSTRUIK,FIGHTAlexanderVolkovDragoJairzinhoRozenstruikBigiBoyUFCFIGHTNIGHT207VOLKOVVSROZENSTRUIK,AlexanderVolkovDrago,JairzinhoRozenstruikBigi Boy,2:12,Male,No,TKO,5,Heavyweight
645a99a5ae0fec3effe26569,2,UFC252MIOCICVSCORMIER3,FIGHTJairzinhoRozenstruikBigiBoyJuniorDosSantosCiganoUFC252MIOCICVSCORMIER3,JairzinhoRozenstruikBigi Boy,JuniorDos SantosCigano,3:47,Male,No,TKO,3,Heavyweight
645bf57ef96432ad8531456a,1,UFCONESPN18SMITHVSCLARK,FIGHTAnthonySmithLionheartDevinClarkBrownBearUFCONESPN18SMITHVSCLARK,AnthonySmithLionheart,DevinClarkBrown Bear,2:34,Male,No,SUB,5,LightHeavyweight
645c434e4213b8f99635c520,5,BKFCKNUCKLEMANIA2,FIGHTMikePerryPlatinumJulianLaneNightTrainBKFCKNUCKLEMANIA2,MikePerryPlatinum,JulianLaneNight Train,5:00,Male,No,UD,5,Middleweight
645c4b43b7040c286e83efac,6,BKFC27MVPVSPLATINUM,FIGHTMikePerryPlatinumMichaelPageVenomBKFC27MVPVSPLATINUM,MikePerryPlatinum,MichaelPageVenom,5:00,Male,No,Maj Dec,5,Middleweight
645c6cafbb52655fb941c007,2,BKFC41PERRYVSROCKHOLD,FIGHTMikePerryPlatinumLukeRockholdBKFC41PERRYVSROCKHOLD,MikePerryPlatinum,LukeRockhold,1:15,Male,No,TKO,5,Middleweight
6466b0995a1c0a88fab3310e,2,UFCFIGHTNIGHT152DOSANJOSVSLEE,FIGHTCharlesOliveiradoBronxNikLentzTheCarnyUFCFIGHTNIGHT152DOSANJOSVSLEE,CharlesOliveirado Bronx,NikLentzThe Carny,2:11,Male,No,TKO,3,Lightweight
6466b1f7af4cdf5b58dface8,3,UFC256FIGUEIREDOVSMORENO,FIGHTCharlesOliveiradoBronxTonyFergusonElCucuyUFC256FIGUEIREDOVSMORENO,CharlesOliveirado Bronx,TonyFergusonEl Cucuy,5:00,Male,No,UD,3,Lightweight
6466c0d1e71163fdc82d51e7,3,UFCFIGHTNIGHT170LEEVSOLIVEIRA,FIGHTCharlesOliveiradoBronxKevinLeeTheMotownPhenomUFCFIGHTNIGHT170LEEVSOLIVEIRA,CharlesOliveirado Bronx,KevinLeeThe Motown Phenom,0:28,Male,No,SUB,3,Catchweight
646943aa1224f6d39540eb34,3,UFC262OLIVEIRAVSCHANDLER,FIGHTBeneilDariushBennyTonyFergusonElCucuyUFC262OLIVEIRAVSCHANDLER,BeneilDariushBenny,TonyFergusonEl Cucuy,5:00,Male,No,UD,3,Lightweight
646d27296f408a9f55fa608b,3,UFCFIGHTNIGHT168FELDERVSHOOKER,"FIGHTKaiKaraFranceDon'tBlinkTysonNamUFCFIGHTNIGHT168FELDERVSHOOKER","KaiKara FranceDon't Blink",TysonNam,5:00,Male,No,UD,3,Flyweight
646d4776660df883b2014d94,2,UFC253ADESANYAVSCOSTA,"FIGHTBrandonRoyvalRawDawgKaiKaraFranceDon'tBlinkUFC253ADESANYAVSCOSTA",BrandonRoyvalRaw Dawg,"KaiKara FranceDon't Blink",0:48,Male,No,SUB,3,Flyweight
646e7435b002e331c96fdf7b,1,UFCFIGHTNIGHT220MUNIZVSALLEN,FIGHTMikeMalottProperYohanLainesseWhiteLionUFCFIGHTNIGHT220MUNIZVSALLEN,MikeMalottProper,YohanLainesseWhite Lion,4:15,Male,No,SUB,3,Welterweight
646e74633b1ea8bc012a8c6c,1,UFC273VOLKANOVSKIVSKOREANZOMBIE,FIGHTMikeMalottProperMickeyGallUFC273VOLKANOVSKIVSKOREANZOMBIE,MikeMalottProper,MickeyGall,3:41,Male,No,TKO,3,Welterweight
6478f01bb64520290edddfe9,2,UFC269OLIVEIRAVSPOIRIER,FIGHTJuliannaPenaTheVenezuelanVixenAmandaNunesLionessUFC269OLIVEIRAVSPOIRIER,JuliannaPenaThe Venezuelan Vixen,AmandaNunesLioness,3:26,Female,Yes,SUB,5,WomensBantamweight
6478f513070f629401aac008,1,UFC259BLACHOWICZVSADESANYA,FIGHTAmandaNunesLionessMeganAndersonUFC259BLACHOWICZVSADESANYA,AmandaNunesLioness,MeganAnderson,2:03,Female,Yes,SUB,5,WomensFeatherweight
647f7b13df51abe794cef799,3,UFC269OLIVEIRAVSPOIRIER,FIGHTCharlesOliveiradoBronxDustinPoirierTheDiamondUFC269OLIVEIRAVSPOIRIER,CharlesOliveirado Bronx,DustinPoirierThe Diamond,1:02,Male,Yes,SUB,5,Lightweight
64a31b4ff466d65b36f70b1e,1,UFC257POIRIERVSMCGREGOR2,FIGHTMichaelChandlerIronDanHookerTheHangmanUFC257POIRIERVSMCGREGOR2,MichaelChandlerIron,DanHookerThe Hangman,2:30,Male,No,TKO,3,Lightweight