AmericanaWin,AnacondaWin,ArmTriangleWin,BeingClinched,BodyKicksAbsorbed,BulldogWin,CalfSlicerWin,CenterOctagon,CrossesAbsorbed,DEC,DarceWin,EzekielWin,FightsTracked,GogoplataWin,GuillotineWin,HeadKicksAbsorbed,HeelHookWin,HooksAbsorbed,InClinch,JabsAbsorbed,KO,KimuraWin,KneeBarWin,LegKicksAbsorbed,LeglockWin,MinutesTracked,NeckCrankWin,OmoplataWin,OnBottomGround,OnTopGround,OtherSubWin,PushedBackToCage,PushingAgainstCage,RNCWin,RoundsTracked,SUB,StraightArmLockWin,StraightsAbsorbed,SulovStretchWin,TKO,TimesKnockedDown,TimesStunned,TotalBodyKickAttempt,TotalBodyKickMake,TotalCrossAttempt,TotalCrossMake,TotalHeadKickAttempt,TotalHeadKickMake,TotalHookAttempt,TotalHookMake,TotalJabAttempt,TotalJabMake,TotalKnockDowns,TotalLegKickAttempt,TotalLegKickMake,TotalPositionPoints,TotalStraightAttempt,TotalStraightMake,TotalStuns,TotalTDAttempt,TotalTDMake,TotalUppercutAttempt,TotalUppercutMake,TriangleArmBarWin,TriangleWin,TwisterWin,UppercutsAbsorbed,_id,gymCode,gymCountry,gymLoss,gymName,gymState,gymWins,round1StrikesLanded,round2StrikesLanded,round3StrikesLanded,round4StrikesLanded,round5StrikesLanded
0,0,0,0,23,0,0,0,0,2,0,0,11,0,0,6,0,114,0,69,1,0,0,34,0,0,0,0,0,0,0,0,0,0,21,4,0,32,0,1,3,4,34,20,0,0,16,2,218,74,177,39,4,42,36,0,65,26,0,22,13,22,9,0,0,0,12,6399761ad70fe689f91d2c47,AllstarsTrainingCenter,Sweden,4,Allstars Training Center,Stockholm,7,362,100,66,0,0
0,0,0,0,0,0,0,0,0,0,0,0,0,0,0,0,0,0,0,0,0,0,0,0,0,0,0,0,0,0,0,0,0,0,0,0,0,0,0,0,0,0,0,0,0,0,0,0,0,0,0,0,0,0,0,0,0,0,0,0,0,0,0,0,0,0,0,639975fc20d237dc777fcc30,AllstarBJJ,USA,0,Allstar BJJ,New Jersey,0,0,0,0,0,0
0,0,0,0,17,0,0,0,1,0,0,0,8,0,0,7,0,68,0,32,0,0,0,65,0,0,0,0,0,0,0,0,0,0,19,3,0,20,0,1,4,5,46,28,7,2,13,2,188,70,204,54,2,39,30,0,59,28,2,4,2,8,4,0,0,0,15,639979023867e6195d268d9e,FactoryX,USA,4,FactoryX Muay Thai,Colorado,4,170,70,11,9,10
0,0,0,0,90,0,0,0,3,2,0,0,19,0,0,16,0,270,0,206,3,0,0,77,0,0,0,0,0,0,0,0,0,0,42,3,0,139,0,3,5,8,53,40,8,4,29,7,688,304,570,161,12,47,37,0,392,169,15,25,14,50,30,0,0,0,22,63997960e358ad5785b9a6d1,Fortis MMA,USA,8,FortisMMA,Texas,11,299,247,175,31,49
0,0,0,0,34,0,0,0,0,5,0,0,13,0,0,5,0,200,0,145,0,0,0,137,0,0,0,0,0,0,0,0,0,0,40,1,0,107,0,2,4,4,116,88,0,0,63,11,366,138,418,97,0,300,244,0,134,59,2,40,18,24,12,0,0,0,18,639979b91650d45d87be4ea5,JacksonMMA,USA,5,"Jackson's MMA",New Mexico,8,242,226,246,108,134
0,0,0,0,0,0,0,0,0,0,0,0,0,0,0,0,0,0,0,0,0,0,0,0,0,0,0,0,0,0,0,0,0,0,0,0,0,0,0,0,0,0,0,0,0,0,0,0,0,0,0,0,0,0,0,0,0,0,0,0,0,0,0,0,0,0,0,63997a899f40c584feb2b19a,NDA,USA,0,Nick Diaz Academy,California,0,0,0,0,0,0
0,0,0,0,22,0,0,0,0,0,0,0,13,0,0,2,0,30,0,10,1,0,0,54,0,0,0,0,0,0,0,0,0,0,24,2,0,15,0,3,6,5,33,24,0,0,17,4,76,28,73,13,2,77,60,0,24,11,0,11,5,2,1,0,0,0,4,63997b7c716bd99326e6ef06,SBGIreland,Ireland,7,SBG Ireland,Dublin,6,191,72,85,18,15
0,0,0,0,39,0,0,0,1,1,0,0,8,0,0,1,0,132,0,79,2,0,0,57,0,0,0,0,0,0,0,0,0,0,20,0,0,53,0,3,2,2,37,25,0,0,24,6,322,170,173,72,5,103,84,0,81,45,9,6,3,39,26,0,0,0,5,63997c1ea22fb25e18fe16ea,TeixeiraMMA,USA,2,Teixeira MMA,Connecticut,6,201,159,169,66,42
0,0,0,0,0,0,0,0,0,0,0,0,0,0,0,0,0,0,0,0,0,0,0,0,0,0,0,0,0,0,0,0,0,0,0,0,0,0,0,0,0,0,0,0,0,0,0,0,0,0,0,0,0,0,0,0,0,0,0,0,0,0,0,0,0,0,0,63997660f7acf7e68f8e6606,AscensionMMA,USA,0,Ascension MMA,Georgia,0,0,0,0,0,0
0,0,0,0,0,0,0,0,0,0,0,0,0,0,0,0,0,0,0,0,0,0,0,0,0,0,0,0,0,0,0,0,0,0,0,0,0,0,0,0,0,0,0,0,0,0,0,0,0,0,0,0,0,0,0,0,0,0,0,0,0,0,0,0,0,0,0,63997530a9447d5d6363edd4,011MMATeam,Brazil,0,011 MMA Team,Sao Paulo,0,0,0,0,0,0
0,0,0,0,22,0,0,0,0,1,0,0,10,0,0,2,0,152,0,97,0,0,0,29,0,0,0,0,0,0,0,0,0,0,26,4,0,67,0,2,5,5,60,50,0,0,29,13,212,108,147,63,2,51,43,0,102,50,5,19,15,34,23,0,0,0,7,63997752c66aa693cbebaa32,ChuteBoxe,Brazil,3,Chute Boxe,Curitiba,7,294,236,62,8,28
0,0,0,0,0,0,0,0,0,0,0,0,0,0,0,0,0,0,0,0,0,0,0,0,0,0,0,0,0,0,0,0,0,0,0,0,0,0,0,0,0,0,0,0,0,0,0,0,0,0,0,0,0,0,0,0,0,0,0,0,0,0,0,0,0,0,0,63997ba897f9981cb2a55382,StandStrongBoxing,Australia,0,Stand Strong Boxing,New South Wales,0,0,0,0,0,0
0,0,0,0,1,0,0,0,0,0,0,0,1,0,0,0,0,2,0,3,0,0,0,1,0,0,0,0,0,0,0,0,0,0,1,0,0,0,0,0,0,0,0,0,0,0,0,0,6,2,5,2,0,3,1,0,1,0,0,0,0,0,0,0,0,0,0,63997abf6dc865b262ea7815,NextGenerationUK,England,1,Next Generation UK,Liverpool,0,4,0,0,0,0
0,0,0,0,55,0,0,0,0,4,0,0,9,0,0,13,0,114,0,61,0,0,0,72,0,0,0,0,0,0,0,0,0,0,24,3,0,55,0,0,2,5,25,19,0,0,27,2,212,74,463,109,1,53,45,0,183,60,0,32,13,18,6,0,0,0,11,639979eee3581814afc85a10,KingsMMA,USA,3,Kings MMA,California,6,241,125,67,56,23
0,0,0,0,18,0,0,0,14,6,0,0,12,0,0,6,0,132,0,114,0,0,0,73,0,0,0,0,0,0,0,0,0,0,32,1,0,72,0,1,5,5,43,28,41,15,48,4,654,190,701,139,0,33,24,0,171,58,6,57,21,52,20,0,0,0,7,63997b4511c0b7fb1f19b6f0,Roufusport,USA,3,Roufusport,Wisconsin,8,257,248,185,19,15
0,0,0,0,130,0,0,0,1,9,0,0,39,0,0,14,0,612,0,347,3,0,0,289,0,0,0,0,0,0,0,0,0,0,105,4,0,233,0,4,11,25,218,140,0,0,109,8,1660,636,1372,411,17,266,193,0,572,214,21,153,59,113,69,0,0,0,63,63997b5f6634ac9c0bf1b4ad,KillCliffFC,USA,16,Kill Cliff FC,Florida,22,906,794,490,183,139
0,0,0,0,71,0,0,0,0,2,0,0,27,0,0,10,0,166,0,127,3,0,0,125,0,0,0,0,0,0,0,0,0,0,50,1,0,91,0,5,14,5,64,48,0,0,33,4,608,218,414,137,5,113,82,0,138,46,1,35,14,33,20,0,0,0,14,63997d05354d20d24b1173f2,XtremeCouture,USA,16,Xtreme Couture,Nevada,11,464,235,145,15,9
0,0,0,0,0,0,0,0,0,1,0,0,2,0,0,0,0,36,0,7,0,0,0,3,0,0,0,0,0,0,0,0,0,0,4,0,0,15,0,0,1,5,3,3,0,0,5,1,60,20,16,1,3,2,1,0,4,3,0,19,8,3,0,0,0,0,2,6399799c0b63e4502aecd399,GloryMMA,USA,1,Glory MMA and Fitness,Missouri,1,15,13,15,0,0
0,0,0,0,0,0,0,0,0,0,0,0,0,0,0,0,0,0,0,0,0,0,0,0,0,0,0,0,0,0,0,0,0,0,0,0,0,0,0,0,0,0,0,0,0,0,0,0,0,0,0,0,0,0,0,0,0,0,0,0,0,0,0,0,0,0,0,639974de620dbbd622bdc8fb,4ozFightClub,USA,0,4oz Fight Club,Texas,0,0,0,0,0,0
0,0,0,0,0,0,0,0,0,0,0,0,0,0,0,0,0,0,0,0,0,0,0,0,0,0,0,0,0,0,0,0,0,0,0,0,0,0,0,0,0,0,0,0,0,0,0,0,0,0,0,0,0,0,0,0,0,0,0,0,0,0,0,0,0,0,0,639976b15c9bb6a1afe30fce,AustralianTopTeam,Australia,0,Australian Top Team,Sydney,0,0,0,0,0,0
0,0,0,0,3,0,0,0,0,1,0,0,2,0,0,0,0,110,0,14,0,0,0,31,0,0,0,0,0,0,0,0,0,0,5,0,0,4,0,0,0,2,8,6,0,0,9,0,148,50,192,65,0,7,7,0,81,34,1,3,2,1,0,0,0,0,11,63997553a3ff567429cb322b,303TrainingCenter,USA,1,303 Training Center,Colorado,1,64,61,28,0,0
0,0,0,0,0,0,0,0,0,0,0,0,0,0,0,0,0,0,0,0,0,0,0,0,0,0,0,0,0,0,0,0,0,0,0,0,0,0,0,0,0,0,0,0,0,0,0,0,0,0,0,0,0,0,0,0,0,0,0,0,0,0,0,0,0,0,0,63997af89a99711eccbec298,PellegrinoMMA,USA,0,Pellegrino MMA,New Jersey,0,0,0,0,0,0
0,0,0,0,66,0,0,0,0,8,0,0,25,0,0,6,0,280,0,243,4,0,0,189,0,0,0,0,0,0,0,0,0,0,71,1,0,120,0,4,2,6,263,195,0,0,93,26,1030,390,681,273,5,250,191,0,435,182,7,66,43,35,19,0,0,0,37,63997c3c5297361c64cf5453,TigerMuayThai,Thailand,6,Tiger Muay Thai,Phuket,19,617,760,468,241,156
0,0,0,0,13,0,0,0,5,0,0,0,3,0,0,5,0,100,0,90,0,0,0,23,0,0,0,0,0,0,0,0,0,0,9,0,0,29,0,0,4,2,30,12,12,5,10,2,226,74,281,94,1,67,52,0,75,27,4,5,0,29,15,0,0,0,11,63997c68822d02fee6dd1c34,TigerSchulmann,USA,3,"Tiger Schulmann's Mixed Martial Arts",New Jersey,0,91,98,113,0,0
0,0,0,0,968,0,0,0,11,48,0,0,305,0,0,128,0,4368,0,2965,18,0,0,2087,0,0,0,0,0,0,0,0,0,0,715,17,0,1570,0,38,85,131,1346,898,31,8,771,143,12188,4264,8942,2766,86,2557,1892,0,3845,1564,145,565,231,692,346,0,0,0,345,63997cef45e18c93fb3e8e81,UFCPI,USA,179,UFC Performance Institute,Nevada,120,5630,4288,3179,944,866
0,0,0,0,0,0,0,0,0,0,0,0,0,0,0,0,0,0,0,0,0,0,0,0,0,0,0,0,0,0,0,0,0,0,0,0,0,0,0,0,0,0,0,0,0,0,0,0,0,0,0,0,0,0,0,0,0,0,0,0,0,0,0,0,0,0,0,6399756e5469f727f111f759,808FightFactory,USA,0,808 Fight Factory,Hawaii,0,0,0,0,0,0
0,0,0,0,19,0,0,0,0,0,0,0,6,0,0,4,0,38,0,30,1,0,0,49,0,0,0,0,0,0,0,0,0,0,13,0,0,11,0,0,6,1,17,9,0,0,17,0,234,72,130,26,1,51,41,0,76,27,1,13,5,18,2,0,0,0,1,639975dfd3e3789da47c8788,AllianceMMA,USA,4,Alliance MMA,California,1,55,77,58,11,0
0,0,0,0,86,0,0,0,0,6,0,0,33,0,0,12,0,374,0,273,3,0,0,103,0,0,0,0,0,0,0,0,0,0,73,0,0,150,0,11,7,15,72,57,0,0,45,11,988,386,1185,304,10,248,205,0,384,172,23,95,35,72,48,0,0,0,45,6399788d9702cf131b3a03ea,ElevationFightTeam,USA,13,Elevation Fight Team,Colorado,20,758,453,311,60,68
0,0,0,0,0,0,0,0,0,0,0,0,0,0,0,0,0,0,0,0,0,0,0,0,0,0,0,0,0,0,0,0,0,0,0,0,0,0,0,0,0,0,0,0,0,0,0,0,0,0,0,0,0,0,0,0,0,0,0,0,0,0,0,0,0,0,0,63997a1b91844329110bb238,LongIslandMMA,USA,0,Long Island MMA,New York,0,0,0,0,0,0
0,0,0,0,1,0,0,0,0,0,0,0,2,0,0,3,0,80,0,45,0,0,0,8,0,0,0,0,0,0,0,0,0,0,6,0,0,22,0,1,0,0,10,3,0,0,3,0,44,10,272,102,1,1,0,0,37,11,3,0,0,11,7,0,0,0,5,63997aa01b0c2ed1ba2e597c,NewEnglandCartel,USA,1,New England Cartel,Massachusetts,1,62,24,27,35,32
0,0,0,0,1,0,0,0,0,0,0,0,1,0,0,3,0,12,0,11,0,0,0,0,0,0,0,0,0,0,0,0,0,0,3,0,0,13,0,0,1,2,4,2,0,0,2,0,38,14,37,10,0,9,9,0,27,10,0,2,0,5,4,0,0,0,2,63997bfe0d23813fbf0cc7bd,TeamLloydIrvin,USA,1,Team Lloyd Irvin,Maryland,0,31,38,49,0,0
0,0,0,0,0,0,0,0,0,0,0,0,0,0,0,0,0,0,0,0,0,0,0,0,0,0,0,0,0,0,0,0,0,0,0,0,0,0,0,0,0,0,0,0,0,0,0,0,0,0,0,0,0,0,0,0,0,0,0,0,0,0,0,0,0,0,0,639976d1b31fb3efd4ec3f99,BellmoreKickboxingMMA,USA,0,Bellmore Kickboxing MMA,New York,0,0,0,0,0,0
0,0,0,0,0,0,0,0,0,0,0,0,0,0,0,0,0,0,0,0,0,0,0,0,0,0,0,0,0,0,0,0,0,0,0,0,0,0,0,0,0,0,0,0,0,0,0,0,0,0,0,0,0,0,0,0,0,0,0,0,0,0,0,0,0,0,0,6399763ea9587874d0b635aa,ArizonaCombatSports,USA,0,Arizona Combat Sports,Arizona,0,0,0,0,0,0
0,0,0,0,86,0,0,0,0,15,0,0,28,0,0,25,0,600,0,399,2,0,0,273,0,0,0,0,0,0,0,0,0,0,95,0,0,141,0,2,8,15,191,135,0,0,172,21,1930,710,1518,480,13,761,602,0,542,201,14,54,17,65,24,0,0,0,34,639977f68c1a40cbb03c5d53,CKB,New Zealand,10,City Kickboxing,Auckland,18,531,617,641,346,327
0,0,0,0,32,0,0,0,0,0,0,0,6,0,0,7,0,142,0,75,0,0,0,104,0,0,0,0,0,0,0,0,0,0,20,0,0,58,0,3,6,5,22,15,0,0,21,4,442,128,175,45,3,92,75,0,131,48,3,25,5,11,3,0,0,0,5,63997928b2b8a7dc91382dcc,FightReady,USA,3,Fight Ready MMA,Arizona,3,69,114,96,47,46
0,0,0,0,0,0,0,0,0,0,0,0,0,0,0,0,0,0,0,0,0,0,0,0,0,0,0,0,0,0,0,0,0,0,0,0,0,0,0,0,0,0,0,0,0,0,0,0,0,0,0,0,0,0,0,0,0,0,0,0,0,0,0,0,0,0,0,63997b0f12bf64745363569b,RAJJ,USA,0,Ricardo Almeida Jiu Jitsu,New Jersey,0,0,0,0,0,0
0,0,0,0,23,0,0,0,0,1,0,0,9,0,0,11,0,170,0,75,0,0,0,67,0,0,0,0,0,0,0,0,0,0,21,3,0,49,0,0,1,4,47,29,0,0,37,4,244,86,298,93,0,71,54,0,140,48,1,23,12,1,0,0,0,0,11,63997b287015b3986ad45d75,RenzoGracieAcademy,USA,4,Renzo Gracie Academy,New York,5,316,200,105,2,0
0,0,0,0,19,0,0,0,0,2,0,0,12,0,0,5,0,84,0,36,0,0,0,59,0,0,0,0,0,0,0,0,0,0,26,5,0,21,0,2,1,3,20,18,0,0,13,2,244,92,165,40,2,46,29,0,76,49,4,28,19,19,9,0,0,0,9,639975bfca08c722e5963e44,AKA,USA,4,American Kickboxing Academy,California,8,385,215,151,32,0
0,0,0,0,13,0,0,0,0,1,0,0,3,0,0,1,0,74,0,40,0,0,0,22,0,0,0,0,0,0,0,0,0,0,15,0,0,21,0,1,2,2,40,29,0,0,24,2,326,142,152,40,0,16,12,0,96,28,3,35,10,25,6,0,0,0,10,63997a71bd1b8ffa47b517e4,MMAMasters,USA,1,MMA Masters,Florida,2,64,65,110,143,76
0,0,0,0,55,0,0,0,0,1,0,0,9,0,0,2,0,128,0,125,0,0,0,91,0,0,0,0,0,0,0,0,0,0,31,1,0,52,0,0,2,3,28,19,0,0,6,0,278,112,254,74,1,88,59,0,122,42,1,34,11,25,11,0,0,0,15,63997adb3307e8bc118e396f,NovaUniao,Brazil,7,Nova Uniao,Rio de Janeiro,2,174,140,88,50,16
0,0,0,0,21,0,0,0,0,0,0,0,1,0,0,0,0,14,0,12,0,0,0,15,0,0,0,0,0,0,0,0,0,0,3,0,0,11,0,0,2,0,5,1,0,0,2,1,124,58,32,9,0,1,1,0,18,4,0,2,0,2,0,0,0,0,1,639979459a0ebccf3ce57aad,FinneyHIT,USA,1,"Finney's HIT Squad",Illinois,0,26,25,1,0,0
0,0,0,0,21,0,0,0,0,0,0,0,5,0,0,3,0,110,0,138,0,0,0,65,0,0,0,0,0,0,0,0,0,0,13,0,0,101,0,0,0,2,56,45,0,0,26,4,466,152,381,75,0,53,38,0,143,39,0,6,3,17,2,0,0,0,2,63997bc8a486decae386d0ae,SyndicateMMA,USA,5,Syndicate MMA,Nevada,0,135,91,118,0,0
0,0,0,0,34,0,0,0,0,3,0,0,7,0,0,4,0,74,0,72,0,0,0,57,0,0,0,0,0,0,0,0,0,0,20,0,0,42,0,1,2,0,30,17,0,0,62,4,352,140,352,95,1,63,40,0,177,70,2,5,4,39,15,0,0,0,8,63997cc17a128b120fcb9fb7,Tristar,Canada,3,Tristar Gym,Quebec,4,129,124,68,11,19
0,0,0,0,0,0,0,0,0,0,0,0,1,0,0,0,0,22,0,3,0,0,0,11,0,0,0,0,0,0,0,0,0,0,1,0,0,6,0,0,0,0,6,4,0,0,0,0,4,2,31,11,0,1,1,0,16,7,0,0,0,2,2,0,0,0,5,639976e9e3b683d319731194,BMFRanch,USA,1,BMF Ranch,New Mexico,0,26,0,0,0,0
0,0,0,0,0,0,0,0,0,0,0,0,3,0,0,0,0,14,0,33,0,0,0,3,0,0,0,0,0,0,0,0,0,0,5,0,0,5,0,1,0,1,0,0,0,0,1,0,50,14,29,5,1,12,6,0,9,2,2,4,2,4,0,0,0,0,1,6399772d32076b3b7e5831f5,ChinaTopTeam,China,2,China Top Team,Beijing,1,34,2,7,0,0
0,0,0,0,1,0,0,0,0,0,0,0,1,0,0,0,0,14,0,35,0,0,0,1,0,0,0,0,0,0,0,0,0,0,3,0,0,20,0,0,0,0,10,6,0,0,11,1,46,2,48,22,0,19,15,0,17,2,0,2,0,3,2,0,0,0,1,6399776fac4ba9527cdf0560,ChuteBoxeDiegoLima,Brazil,1,Chute Boxe Diego Lima,Sao Paulo,0,23,19,21,0,0
0,0,0,0,0,0,0,0,0,0,0,0,0,0,0,0,0,0,0,0,0,0,0,0,0,0,0,0,0,0,0,0,0,0,0,0,0,0,0,0,0,0,0,0,0,0,0,0,0,0,0,0,0,0,0,0,0,0,0,0,0,0,0,0,0,0,0,63997a3468110b46b497edf1,LudwigMartialArts,USA,0,Ludwig Martial Arts,Colorado,0,0,0,0,0,0
0,0,0,0,0,0,0,0,0,0,0,0,0,0,0,0,0,0,0,0,0,0,0,0,0,0,0,0,0,0,0,0,0,0,0,0,0,0,0,0,0,0,0,0,0,0,0,0,0,0,0,0,0,0,0,0,0,0,0,0,0,0,0,0,0,0,0,63997a53222ceba0db18965a,ManchesterTopTeam,England,0,Manchester Top Team,Stockport,0,0,0,0,0,0
0,0,0,0,0,0,0,0,0,0,0,0,0,0,0,0,0,0,0,0,0,0,0,0,0,0,0,0,0,0,0,0,0,0,0,0,0,0,0,0,0,0,0,0,0,0,0,0,0,0,0,0,0,0,0,0,0,0,0,0,0,0,0,0,0,0,0,6399759020421f7f4a882e7f,AACC,Japan,0,AACC,Tokyo,0,0,0,0,0,0
0,0,0,0,14,0,0,0,0,0,0,0,2,0,0,1,0,78,0,13,0,0,0,23,0,0,0,0,0,0,0,0,0,0,8,0,0,17,0,0,2,1,15,7,0,0,0,0,174,60,103,36,0,14,7,0,35,24,2,2,0,0,0,0,0,0,5,639977024c6fb5f3e3b6e3f9,CesarGracie,USA,2,Cesar Gracie Jiu Jitsu,California,0,66,55,78,19,35
0,0,0,0,269,0,0,0,5,7,0,0,68,0,0,28,0,724,0,605,5,0,0,438,0,0,0,0,0,0,0,0,0,0,170,5,0,274,0,7,22,29,231,143,21,7,140,24,2086,598,1705,421,19,572,430,0,595,251,21,190,73,133,67,0,0,0,67,63997681eea0f63563b4cd35,ATT,USA,44,American Top Team,Florida,24,1127,767,487,118,115
0,0,0,0,0,0,0,0,0,0,0,0,0,0,0,0,0,0,0,0,0,0,0,0,0,0,0,0,0,0,0,0,0,0,0,0,0,0,0,0,0,0,0,0,0,0,0,0,0,0,0,0,0,0,0,0,0,0,0,0,0,0,0,0,0,0,0,6399797aa4cf86db5673f50d,GlendaleFC,USA,0,Glendale Fighting Club,California,0,0,0,0,0,0
0,0,0,0,0,0,0,0,0,0,0,0,0,0,0,0,0,0,0,0,0,0,0,0,0,0,0,0,0,0,0,0,0,0,0,0,0,0,0,0,0,0,0,0,0,0,0,0,0,0,0,0,0,0,0,0,0,0,0,0,0,0,0,0,0,0,0,6399781a3c1b78fabadb7660,DagFighter,Russia,0,DagFighter,Makhachkala,0,0,0,0,0,0
0,0,0,0,57,0,0,0,0,5,0,0,18,0,0,7,0,196,0,214,5,0,0,72,0,0,0,0,0,0,0,0,0,0,42,1,0,99,0,3,5,7,62,37,0,0,49,4,824,302,631,160,8,114,89,0,332,109,6,20,4,32,13,0,0,0,32,63997be7c2bdbc3e177b6939,TeamAlphaMale,USA,6,Team Alpha Male,California,12,309,201,208,59,39
0,0,0,0,2,0,0,0,0,1,0,0,3,0,0,0,0,40,0,20,0,0,0,15,0,0,0,0,0,0,0,0,0,0,7,0,0,10,0,1,1,2,6,4,0,0,3,2,128,34,55,20,3,4,2,0,20,6,2,11,6,14,6,0,0,0,0,639978360b4569c2d5b71c4a,EaglesMMA,Russia,1,Eagles MMA,Moscow,2,51,19,14,15,7
0,0,0,0,0,0,0,0,0,0,0,0,0,0,0,0,0,0,0,0,0,0,0,0,0,0,0,0,0,0,0,0,0,0,0,0,0,0,0,0,0,0,0,0,0,0,0,0,0,0,0,0,0,0,0,0,0,0,0,0,0,0,0,0,0,0,0,639978e37b28251cfdf8faa1,EvolveMMA,Singapore,0,Evolve MMA,,0,0,0,0,0,0
0,0,0,0,12,0,0,0,0,2,0,0,3,0,0,0,0,94,0,62,0,0,0,16,0,0,0,0,0,0,0,0,0,0,15,0,0,19,0,0,0,1,33,28,0,0,7,3,158,56,112,29,1,81,76,0,20,7,1,12,7,4,4,0,0,0,3,63b258e6fb720c149aa2f82b,TeamRenegade,England,0,Team Renegade,Birmingham,3,42,49,40,38,49
0,0,0,0,0,0,0,0,0,0,0,0,3,0,0,0,0,10,0,4,0,0,0,0,0,0,0,0,0,0,0,0,0,0,5,1,0,2,0,1,0,0,15,10,0,0,21,4,54,14,37,13,0,13,11,0,11,6,1,0,0,3,0,0,0,0,1,63b316170d0576b243b0c18f,ValleFlowStriking,USA,1,Valle Flow Striking,Illinois,2,72,59,0,0,0
0,0,0,0,18,0,0,0,0,1,0,0,1,0,0,2,0,38,0,25,0,0,0,32,0,0,0,0,0,0,0,0,0,0,5,0,0,14,0,0,1,1,9,7,0,0,2,0,136,42,50,11,0,15,13,0,24,10,0,0,0,6,3,0,0,0,2,63b320e20874e0dd423f082d,KoreanZombieMMA,South Korea,1,Korean Zombie MMA,Seoul,0,15,14,11,13,15
0,0,0,0,12,0,0,0,0,0,0,0,4,0,0,3,0,62,0,56,0,0,0,9,0,0,0,0,0,0,0,0,0,0,11,0,0,21,0,1,2,2,18,9,0,0,6,0,276,106,138,19,0,33,28,0,62,19,0,31,5,11,5,0,0,0,9,63ba0b302e150208ef76e05a,RicardoAlmeidaJiuJitsu,United States,3,Ricardo Almeida Jiu Jitsu,New Jersey,1,99,74,39,19,23
0,0,0,0,23,0,0,0,0,2,0,0,5,0,0,7,0,192,0,154,0,0,0,86,0,0,0,0,0,0,0,0,0,0,16,0,0,74,0,0,3,6,33,20,0,0,10,1,320,88,548,173,0,48,38,0,177,50,1,6,2,57,26,0,0,0,18,63bc738f617593170c1da741,TeamSityodtong,United States,4,Team Sityodtong,Massachusetts,1,98,95,91,56,50
0,0,0,0,3,0,0,0,0,0,0,0,4,0,0,0,0,4,0,0,1,0,0,2,0,0,0,0,0,0,0,0,0,0,4,2,0,2,0,0,1,1,0,0,0,0,8,1,42,18,8,5,3,1,0,0,13,6,0,4,3,6,3,0,0,0,0,63c07722d35a572f3863b29f,WarriorFightCamp,Indonesia,1,Warrior Fight Camp,North Jakarta,3,66,0,0,0,0
0,0,0,0,15,0,0,0,0,2,0,0,9,0,0,4,0,224,0,112,0,0,0,51,0,0,0,0,0,0,0,0,0,0,24,3,0,31,0,1,1,5,40,34,0,0,13,3,336,188,180,95,8,55,37,0,65,30,2,18,8,39,22,0,0,0,16,63c08ba9a43cf46f53924dd5,TeamFigueiredo,Brazil,2,Team Figueiredo,Belem,6,157,156,104,54,40
0,0,0,0,25,0,0,0,0,1,0,0,7,0,0,4,0,158,0,65,0,0,0,50,0,0,0,0,0,0,0,0,0,0,19,0,0,22,0,2,6,2,11,6,0,0,42,11,530,202,334,126,2,14,12,0,98,35,4,14,8,29,16,0,0,0,12,63c08bef0b79e9ef4e6d32af,EntramGym,Mexico,1,Entram Gym,Tijuana,4,155,111,157,33,10
0,0,0,0,1,0,0,0,0,0,0,0,5,0,0,0,0,0,0,1,0,0,0,2,0,0,0,0,0,0,0,0,0,0,5,3,0,3,0,1,0,2,6,4,0,0,4,1,2,0,10,3,1,1,0,0,0,0,0,5,2,0,0,0,0,0,0,63c08c59432af0fbbe3eb2fa,ScottishHITSquad,Scotland,1,Scottish HIT Squad,Coatbridge,4,71,0,0,0,0
0,0,0,0,3,0,0,0,0,0,0,0,3,0,0,0,0,26,0,16,1,0,0,10,0,0,0,0,0,0,0,0,0,0,3,1,0,1,0,1,0,0,4,2,0,0,1,0,62,42,75,40,4,9,3,0,21,11,1,0,0,10,7,0,0,0,1,63d3f61d0e597c2f6b1c6a46,ScrappyMMA,Australia,0,Scrappy MMA,Perth,3,113,0,0,0,0
0,0,0,0,8,0,0,0,0,1,0,0,6,0,0,3,0,26,0,25,1,0,0,16,0,0,0,0,0,0,0,0,0,0,10,1,0,4,0,2,1,2,1,1,0,0,2,0,152,82,113,52,3,17,17,0,40,21,2,8,5,5,4,0,0,0,5,63d3f669f830d5ecf750966a,SaeksonMuayThai,United States,1,Saekson Muay Thai,Texas,5,127,63,29,0,0
0,0,0,0,25,0,0,0,0,2,0,0,7,0,0,1,0,242,0,124,3,0,0,78,0,0,0,0,0,0,0,0,0,0,24,0,0,107,0,0,0,3,88,53,0,0,58,7,156,68,287,120,8,144,118,0,120,42,3,18,8,25,10,0,0,0,25,63d3f6a1c66abdd5de1e819a,TeamOyama,United States,2,Team Oyama,Irvine,5,140,197,207,46,32
0,0,0,0,36,0,0,0,0,4,0,0,9,0,0,2,0,124,0,55,1,0,0,108,0,0,0,0,0,0,0,0,0,0,28,2,0,33,0,1,1,1,127,110,0,0,26,13,272,156,430,242,3,213,170,0,102,62,11,21,9,36,24,0,0,0,13,63e7f1886c1235ec0c0b7e12,MMAFactory,France,2,MMA Factory,Paris,7,219,233,215,88,68
0,0,0,0,34,0,0,0,0,7,0,0,12,0,0,3,0,114,0,68,0,0,0,95,0,0,0,0,0,0,0,0,0,0,39,1,0,62,0,3,2,2,143,83,0,0,85,5,522,130,546,131,0,156,109,0,210,68,2,189,54,31,12,0,0,0,9,64067de2052ef81be56c8c4a,Serra-LongoFightTeam,USA,0,Serra-Longo Fight Team,Long Island,12,428,469,247,99,70
0,0,0,0,47,0,0,0,0,1,0,0,7,0,0,4,0,136,0,73,0,0,0,58,0,0,0,0,0,0,0,0,0,0,19,0,0,36,0,1,3,4,26,17,0,0,14,2,550,208,336,80,1,86,66,0,189,83,9,8,0,19,9,0,0,0,9,64090dacb71a0f1733a42e92,MMALab,USA,4,MMA Lab,Glendale,3,165,145,147,22,23